"SparsePauliOp(['ZXIZ', 'ZXYY', 'ZIZX', 'ZYXI', 'YYXY'],
              coeffs=[ 9.+0.j, 10.+0.j,  5.+0.j,  4.+0.j,  4.+0.j])",(32+0j),0.7314919478170672,-9.000015421619823,-8.492837161640702
"SparsePauliOp(['YIXI', 'YYYY', 'ZIZI', 'YIIZ', 'XZYI'],
              coeffs=[ 1.+0.j, 10.+0.j,  5.+0.j,  4.+0.j,  6.+0.j])",(26+0j),0.7527814287950073,-4.999999961209277,-9.999996975703784
"SparsePauliOp(['YZIX', 'ZZIX', 'YIXZ', 'ZIZY', 'ZZYI'],
              coeffs=[10.+0.j,  2.+0.j,  1.+0.j,  7.+0.j,  3.+0.j])",(23+0j),0.6099255342265697,0.0,-1.9999999502680539
"SparsePauliOp(['IYZY', 'YYXY', 'XIIX', 'IYZY', 'YXIY'],
              coeffs=[9.+0.j, 1.+0.j, 3.+0.j, 7.+0.j, 6.+0.j])",(26+0j),0.8211913974843931,-8.999999953372777,-9.35618799036054
"SparsePauliOp(['YXII', 'XZYZ', 'ZXIZ', 'ZYXI', 'ZXYI'],
              coeffs=[ 4.+0.j,  5.+0.j, 10.+0.j,  4.+0.j, 10.+0.j])",(33+0j),0.058467651756612275,-9.999999955243862,4.063736724901901e-08
"SparsePauliOp(['XIIZ', 'ZXXI', 'ZIIZ', 'ZXXI', 'YZIX'],
              coeffs=[8.+0.j, 8.+0.j, 7.+0.j, 4.+0.j, 1.+0.j])",(28+0j),0.8040196699415203,-10.630145803144833,-9.983510555253213
"SparsePauliOp(['YXZI', 'YIXI', 'IYZZ', 'XIXY', 'ZYZX'],
              coeffs=[2.+0.j, 3.+0.j, 9.+0.j, 4.+0.j, 8.+0.j])",(26+0j),-0.4004312938032769,0.0,0.0
"SparsePauliOp(['YXYZ', 'XXYX', 'IYXX', 'ZYZX', 'IXXX'],
              coeffs=[4.+0.j, 2.+0.j, 4.+0.j, 6.+0.j, 2.+0.j])",(18+0j),0.8241826532386087,-1.9999999975660825,-3.9993813938362623
"SparsePauliOp(['IZYI', 'YXXY', 'ZXZX', 'XIZX', 'ZXXZ'],
              coeffs=[9.+0.j, 2.+0.j, 4.+0.j, 4.+0.j, 1.+0.j])",(20+0j),0.7037678517379946,-2.9999999815282696,-3.7782200115830107
"SparsePauliOp(['XXYZ', 'IXYI', 'ZYYI', 'ZIIY', 'ZIYZ'],
              coeffs=[10.+0.j,  7.+0.j,  5.+0.j,  8.+0.j,  9.+0.j])",(39+0j),0.44941507854586166,0.0,-4.999999928124728
"SparsePauliOp(['IYYZ', 'YZXX', 'YYYX', 'YZIY', 'ZYYX'],
              coeffs=[ 1.+0.j, 10.+0.j,  4.+0.j, 10.+0.j, 10.+0.j])",(35+0j),0.8185232380078391,-9.99999996984836,-4.866012536139264
"SparsePauliOp(['XZYY', 'XIIY', 'YZXX', 'IYII', 'XYXX'],
              coeffs=[ 3.+0.j,  3.+0.j,  2.+0.j,  3.+0.j, 10.+0.j])",(21+0j),0.8283606528127192,-2.999999982204809,0.0004459119700488401
"SparsePauliOp(['ZIYX', 'ZIXI', 'IYYY', 'ZZXI', 'ZYZI'],
              coeffs=[ 3.+0.j, 10.+0.j, 10.+0.j,  6.+0.j,  2.+0.j])",(31+0j),0.7905424705182125,-15.99999994628325,0.00211268549664112
"SparsePauliOp(['IYXX', 'XZZY', 'IXZZ', 'XXXY', 'IXZI'],
              coeffs=[ 2.+0.j,  6.+0.j,  3.+0.j,  6.+0.j, 10.+0.j])",(27+0j),0.7789479876169462,-12.999999883055885,0.005935536431273647
"SparsePauliOp(['YZXY', 'ZYZX', 'YIYY', 'YZYZ', 'ZYIY'],
              coeffs=[5.+0.j, 6.+0.j, 8.+0.j, 1.+0.j, 3.+0.j])",(23+0j),0.5385914260390215,1.1102230246251565e-16,-7.999999937759717
"SparsePauliOp(['XIIX', 'YXXI', 'YXYZ', 'XYII', 'XZYI'],
              coeffs=[ 6.+0.j,  2.+0.j, 10.+0.j,  9.+0.j,  5.+0.j])",(32+0j),0.8027027388295425,-5.999999972626798,-9.999995880215506
"SparsePauliOp(['IYXX', 'YXXY', 'YIXX', 'XIXX', 'XIYI'],
              coeffs=[7.+0.j, 5.+0.j, 3.+0.j, 3.+0.j, 7.+0.j])",(25+0j),0.35156587281266527,-7.999999981390467,2.295365272964034e-06
"SparsePauliOp(['IZZI', 'ZZXX', 'ZXYX', 'ZIYZ', 'ZYII'],
              coeffs=[4.+0.j, 9.+0.j, 7.+0.j, 1.+0.j, 5.+0.j])",(26+0j),0.2361020945527104,-9.848857298055012,-2.671015373323371e-07
"SparsePauliOp(['XYIY', 'IZXI', 'YZYX', 'IXII', 'ZXYY'],
              coeffs=[1.+0.j, 7.+0.j, 4.+0.j, 7.+0.j, 7.+0.j])",(26+0j),0.7899447291904965,-16.94987435201494,-0.4652844700358152
"SparsePauliOp(['YIZY', 'XXXX', 'YXYI', 'YXYZ', 'ZYIZ'],
              coeffs=[5.+0.j, 9.+0.j, 8.+0.j, 5.+0.j, 4.+0.j])",(31+0j),0.23292674983080489,-13.453624001655614,-5.688872728096085
"SparsePauliOp(['ZXYX', 'ZXZZ', 'IYZZ', 'YIXZ', 'ZYIX'],
              coeffs=[ 4.+0.j,  4.+0.j, 10.+0.j,  5.+0.j,  7.+0.j])",(30+0j),0.8614094472401504,0.0,-3.999226516031899
"SparsePauliOp(['YYXZ', 'ZXYZ', 'ZXZZ', 'XXIY', 'IIZY'],
              coeffs=[4.+0.j, 7.+0.j, 9.+0.j, 1.+0.j, 3.+0.j])",(24+0j),0.7339555011045021,-9.848857742892813,1.413167169062035e-06
"SparsePauliOp(['YIXY', 'YZZZ', 'ZXYY', 'ZZYY', 'XXZI'],
              coeffs=[7.+0.j, 5.+0.j, 1.+0.j, 8.+0.j, 8.+0.j])",(29+0j),0.49710817496692045,-7.9999992637664805,-11.041317034342303
"SparsePauliOp(['XIII', 'ZYXI', 'YYIZ', 'XIYY', 'YZXY'],
              coeffs=[1.+0.j, 2.+0.j, 9.+0.j, 9.+0.j, 5.+0.j])",(26+0j),0.5031536456143302,-14.099019441405318,-8.936648583291959
"SparsePauliOp(['IYIY', 'XXIY', 'YYZI', 'ZZYY', 'ZIYI'],
              coeffs=[ 9.+0.j,  6.+0.j,  2.+0.j, 10.+0.j,  1.+0.j])",(28+0j),0.8255780346820809,-8.99999997515846,-5.864150712098407
"SparsePauliOp(['ZYZX', 'YIII', 'YYXX', 'IXXX', 'IXIZ'],
              coeffs=[8.+0.j, 6.+0.j, 3.+0.j, 6.+0.j, 6.+0.j])",(29+0j),0.5213712628143851,-5.99999998488087,-4.816653249450282
"SparsePauliOp(['IXIX', 'ZYII', 'XIZI', 'ZYXZ', 'ZXII'],
              coeffs=[5.+0.j, 1.+0.j, 8.+0.j, 3.+0.j, 9.+0.j])",(26+0j),0.41258529683273987,-13.999997689299711,-3.0415800181362087
"SparsePauliOp(['XIYI', 'XXIY', 'ZIYI', 'IZYI', 'XYYY'],
              coeffs=[8.+0.j, 8.+0.j, 6.+0.j, 7.+0.j, 3.+0.j])",(32+0j),-0.46454104089417664,0.0,0.0
"SparsePauliOp(['ZIIY', 'IIYZ', 'ZIXZ', 'XXYZ', 'XIZX'],
              coeffs=[6.+0.j, 3.+0.j, 3.+0.j, 5.+0.j, 3.+0.j])",(20+0j),0.574075501475327,-2.9999999781799755,-1.2426404928409904
"SparsePauliOp(['IZYY', 'YZXI', 'ZZYY', 'XYXZ', 'YYXY'],
              coeffs=[1.+0.j, 6.+0.j, 4.+0.j, 7.+0.j, 8.+0.j])",(26+0j),0.902958105978721,0.0,-4.999660868957786
"SparsePauliOp(['XYXZ', 'YIIY', 'XIIX', 'IIYY', 'YIXY'],
              coeffs=[ 2.+0.j,  3.+0.j,  5.+0.j, 10.+0.j,  9.+0.j])",(29+0j),0.8055430488120178,-16.99999994698264,-0.01563161844100236
"SparsePauliOp(['IZXY', 'YIZY', 'YXZY', 'YXZY', 'YYZY'],
              coeffs=[ 3.+0.j,  2.+0.j,  2.+0.j, 10.+0.j,  8.+0.j])",(25+0j),0.8873080301098105,0.0,-13.992157271886072
"SparsePauliOp(['IZYZ', 'XXZI', 'IXZX', 'XYIY', 'IYXX'],
              coeffs=[5.+0.j, 9.+0.j, 5.+0.j, 9.+0.j, 6.+0.j])",(34+0j),0.8087208000086072,-8.999999935992314,-8.727844743421716
"SparsePauliOp(['ZXYZ', 'ZZXZ', 'YZIZ', 'IXYI', 'YYZZ'],
              coeffs=[5.+0.j, 8.+0.j, 4.+0.j, 5.+0.j, 6.+0.j])",(28+0j),0.775800483292112,-9.999999964835954,2.215401288196972e-06
"SparsePauliOp(['IZYX', 'ZIYI', 'XXXZ', 'ZIZI', 'IXZZ'],
              coeffs=[8.+0.j, 7.+0.j, 6.+0.j, 9.+0.j, 8.+0.j])",(38+0j),0.8353450016717924,-16.99999977291771,-1.999146468100264
"SparsePauliOp(['YZIZ', 'ZXZI', 'ZZZI', 'IIYY', 'XZYX'],
              coeffs=[ 9.+0.j,  1.+0.j,  3.+0.j, 10.+0.j,  5.+0.j])",(28+0j),0.7605923325708638,-10.049875548672068,-0.020738314123525114
"SparsePauliOp(['ZYXZ', 'XXIX', 'YZZY', 'YXIZ', 'ZXZY'],
              coeffs=[3.+0.j, 4.+0.j, 5.+0.j, 2.+0.j, 1.+0.j])",(15+0j),0.8551953952596365,-3.999999997902017,-2.4028051144194977
"SparsePauliOp(['ZZZI', 'YIZX', 'XXXX', 'XYXI', 'ZIIX'],
              coeffs=[ 7.+0.j,  9.+0.j,  9.+0.j,  5.+0.j, 10.+0.j])",(40+0j),0.7342238972593738,-17.043879110595668,-2.1889764187538248
"SparsePauliOp(['XYIY', 'YZXZ', 'ZIYX', 'ZXIZ', 'XYXY'],
              coeffs=[4.+0.j, 7.+0.j, 2.+0.j, 4.+0.j, 6.+0.j])",(23+0j),0.4090083584104677,-5.656854214290147,-5.113474572492659
"SparsePauliOp(['IIXX', 'XZXI', 'YYYI', 'XZZZ', 'IIXZ'],
              coeffs=[4.+0.j, 4.+0.j, 8.+0.j, 6.+0.j, 7.+0.j])",(29+0j),0.7069355123885452,-14.049875560385654,0.0003491650224258791
"SparsePauliOp(['YZYI', 'IXXY', 'ZXYI', 'ZYIZ', 'XYYY'],
              coeffs=[ 1.+0.j,  8.+0.j, 10.+0.j,  3.+0.j,  9.+0.j])",(31+0j),0.7140732518816006,-0.9999999369847405,5.958340337786083e-07
"SparsePauliOp(['ZXYI', 'YYIZ', 'ZZYZ', 'ZYZZ', 'IZXZ'],
              coeffs=[ 4.+0.j, 10.+0.j,  4.+0.j, 10.+0.j,  1.+0.j])",(29+0j),0.6576148236508197,-0.9999999943983224,-9.049875396861284
"SparsePauliOp(['ZYYY', 'YYZX', 'ZZXX', 'ZIYX', 'ZYIY'],
              coeffs=[ 2.+0.j,  3.+0.j, 10.+0.j,  7.+0.j, 10.+0.j])",(32+0j),0.713452437955115,0.0,-20.440306070247626
"SparsePauliOp(['XZXI', 'ZXXZ', 'YZZX', 'XYXZ', 'YXYY'],
              coeffs=[8.+0.j, 7.+0.j, 2.+0.j, 4.+0.j, 4.+0.j])",(25+0j),0.5738646014001793,-7.999999904598468,-6.999999058986326
"SparsePauliOp(['YZIX', 'ZXXX', 'ZYYI', 'IIZY', 'YXIX'],
              coeffs=[2.+0.j, 2.+0.j, 1.+0.j, 7.+0.j, 8.+0.j])",(20+0j),0.2609225670917537,-0.9999999940383127,-0.9999999975372781
"SparsePauliOp(['YIYX', 'ZXIY', 'IIZX', 'ZYIX', 'IZIX'],
              coeffs=[9.+0.j, 6.+0.j, 4.+0.j, 6.+0.j, 4.+0.j])",(29+0j),0.8458458182901433,-7.999999973138454,-5.837487071979451
"SparsePauliOp(['IIYI', 'IIXZ', 'IYZI', 'XYZY', 'ZZXX'],
              coeffs=[ 4.+0.j, 10.+0.j,  2.+0.j, 10.+0.j,  6.+0.j])",(32+0j),0.7355433433319629,-11.661903721822068,-9.742063990444244
"SparsePauliOp(['IXZI', 'ZXII', 'ZZYI', 'IYZI', 'ZXYZ'],
              coeffs=[3.+0.j, 2.+0.j, 1.+0.j, 5.+0.j, 7.+0.j])",(18+0j),0.8032256266801014,-4.999999942102592,0.0007566444922648685
"SparsePauliOp(['ZIIZ', 'YYZY', 'ZXIZ', 'YYIY', 'IIIZ'],
              coeffs=[5.+0.j, 3.+0.j, 5.+0.j, 5.+0.j, 3.+0.j])",(21+0j),0.806317624070445,-12.99999995412552,0.00016768999585536903
"SparsePauliOp(['XZII', 'ZXZY', 'YZIY', 'YXYX', 'IYIY'],
              coeffs=[ 2.+0.j,  9.+0.j,  9.+0.j,  1.+0.j, 10.+0.j])",(31+0j),0.7859076505601501,-13.453623988564866,-0.4161789491830685
"SparsePauliOp(['YYZY', 'ZZZI', 'XYXX', 'XXIX', 'ZIYY'],
              coeffs=[ 1.+0.j,  9.+0.j,  5.+0.j, 10.+0.j,  5.+0.j])",(30+0j),0.6083815222288473,-9.999999809201311,-10.29562890763255
"SparsePauliOp(['XZIX', 'XXYZ', 'IIIZ', 'IXXZ', 'YZXY'],
              coeffs=[9.+0.j, 5.+0.j, 2.+0.j, 6.+0.j, 3.+0.j])",(25+0j),0.7477894502349356,-1.9999999909638713,-16.165501287017875
"SparsePauliOp(['YZXI', 'ZIYY', 'ZZXI', 'IIZY', 'YYYI'],
              coeffs=[ 1.+0.j,  4.+0.j, 10.+0.j,  8.+0.j, 10.+0.j])",(33+0j),0.8089957093330588,-9.999999961112715,-0.7702896402607724
"SparsePauliOp(['ZIIZ', 'ZXIZ', 'YIIX', 'ZXXZ', 'XYXX'],
              coeffs=[7.+0.j, 1.+0.j, 3.+0.j, 6.+0.j, 5.+0.j])",(22+0j),0.7916012574103535,-13.999999934956247,1.6132658036127623e-05
"SparsePauliOp(['ZXIY', 'IXZX', 'YXYY', 'ZXZZ', 'ZXZI'],
              coeffs=[4.+0.j, 6.+0.j, 1.+0.j, 6.+0.j, 7.+0.j])",(24+0j),0.8097703550895863,-12.999999890962162,-2.4344324696192743
"SparsePauliOp(['XYZI', 'ZXIX', 'XXZY', 'ZIYX', 'XXXZ'],
              coeffs=[4.+0.j, 9.+0.j, 4.+0.j, 4.+0.j, 8.+0.j])",(29+0j),0.6269271036658012,-8.999999661324278,-7.999999132689144
"SparsePauliOp(['YIZZ', 'XYZZ', 'IIXX', 'XXIZ', 'YYZX'],
              coeffs=[ 5.+0.j,  7.+0.j,  4.+0.j, 10.+0.j,  7.+0.j])",(33+0j),0.1905155794080867,-12.845232515478411,8.691739239452545e-08
"SparsePauliOp(['XIIY', 'IYIY', 'YZIY', 'ZXIY', 'XZYZ'],
              coeffs=[ 6.+0.j,  7.+0.j, 10.+0.j, 10.+0.j,  7.+0.j])",(40+0j),0.08210894743983606,-6.999999926378273,-5.20655533482242
"SparsePauliOp(['YIZI', 'XZZY', 'YYIZ', 'IZYX', 'ZYIX'],
              coeffs=[4.+0.j, 4.+0.j, 6.+0.j, 7.+0.j, 7.+0.j])",(28+0j),0.5638474691793517,0.0,-5.99999985313002
"SparsePauliOp(['IZII', 'YYZZ', 'YZXI', 'ZXZI', 'XIII'],
              coeffs=[6.+0.j, 6.+0.j, 2.+0.j, 4.+0.j, 1.+0.j])",(19+0j),0.8333261275371541,-7.211102515776639,-4.5038410228803665
"SparsePauliOp(['YXIZ', 'IYYZ', 'XYIZ', 'IYYY', 'ZIYZ'],
              coeffs=[ 4.+0.j, 10.+0.j,  9.+0.j,  3.+0.j,  8.+0.j])",(34+0j),0.4514872890832733,5.898059818321144e-16,-9.99999996656163
"SparsePauliOp(['YIYZ', 'IZIX', 'XXII', 'ZIYZ', 'ZYXY'],
              coeffs=[9.+0.j, 8.+0.j, 3.+0.j, 3.+0.j, 1.+0.j])",(24+0j),0.6968759408421298,-8.544003698431865,-3.936800037562893
"SparsePauliOp(['YIIX', 'ZIXY', 'IYZI', 'ZZXX', 'ZZII'],
              coeffs=[7.+0.j, 9.+0.j, 3.+0.j, 1.+0.j, 7.+0.j])",(27+0j),0.4327303789885487,-6.999998851088845,-1.0000006822963492
"SparsePauliOp(['YXZX', 'XYXI', 'IZYX', 'XIII', 'XZYZ'],
              coeffs=[3.+0.j, 6.+0.j, 8.+0.j, 6.+0.j, 7.+0.j])",(30+0j),0.03659225748925314,-5.999999949489579,-9.72522951059318e-09
"SparsePauliOp(['YZXI', 'ZYXX', 'XYXI', 'YYXY', 'YIII'],
              coeffs=[ 4.+0.j, 10.+0.j,  7.+0.j,  1.+0.j,  9.+0.j])",(31+0j),-0.396819674196868,0.0,0.0
"SparsePauliOp(['YYIZ', 'YIIY', 'ZZZX', 'IYYI', 'YZXX'],
              coeffs=[3.+0.j, 3.+0.j, 8.+0.j, 7.+0.j, 7.+0.j])",(28+0j),0.7856617654485332,-2.9999999444876253,-8.390800870284659
"SparsePauliOp(['ZXYY', 'XIZI', 'IIXZ', 'YZZZ', 'XZYI'],
              coeffs=[10.+0.j,  4.+0.j,  8.+0.j,  5.+0.j,  3.+0.j])",(30+0j),0.7334046911969557,-13.999999688198397,-4.944267692952668
"SparsePauliOp(['ZZZI', 'XXIY', 'YXZI', 'IIZY', 'ZXZX'],
              coeffs=[ 7.+0.j,  5.+0.j, 10.+0.j,  7.+0.j,  6.+0.j])",(35+0j),-0.007236296441188973,-9.219544219107597,-1.668409250754621e-07
"SparsePauliOp(['IYZY', 'YIZX', 'ZZYI', 'XIII', 'YZXX'],
              coeffs=[10.+0.j,  8.+0.j,  9.+0.j,  9.+0.j,  4.+0.j])",(40+0j),0.14626954873693926,-9.001412936881213,-9.99858466204611
"SparsePauliOp(['ZZII', 'IYZY', 'YZXZ', 'IYYZ', 'YYXY'],
              coeffs=[10.+0.j,  2.+0.j,  5.+0.j,  3.+0.j,  2.+0.j])",(22+0j),0.4238910198634779,-10.19803775322913,-0.9800313671693779
"SparsePauliOp(['XIYI', 'XXZI', 'ZYXX', 'IZYY', 'YYYZ'],
              coeffs=[9.+0.j, 9.+0.j, 9.+0.j, 8.+0.j, 8.+0.j])",(43+0j),0.8615124991434708,0.0,-16.999889273300177
"SparsePauliOp(['IXXI', 'XZZZ', 'XIYX', 'ZIZZ', 'IYXZ'],
              coeffs=[2.+0.j, 8.+0.j, 6.+0.j, 8.+0.j, 5.+0.j])",(29+0j),0.8211578763492265,-7.999999958893351,-3.384366434763848
"SparsePauliOp(['ZYYI', 'ZXZZ', 'ZXYY', 'YYII', 'XIXI'],
              coeffs=[ 6.+0.j,  9.+0.j, 10.+0.j,  3.+0.j,  5.+0.j])",(33+0j),0.8004938205842655,-18.999999927870654,-6.645450950083564
"SparsePauliOp(['YYXI', 'XYYX', 'YXZY', 'ZYZI', 'XIXY'],
              coeffs=[ 9.+0.j, 10.+0.j,  8.+0.j,  7.+0.j,  5.+0.j])",(39+0j),0.6397181198285747,-9.999999635922176,-7.999998485914887
"SparsePauliOp(['YXZX', 'ZXZY', 'ZIXY', 'IIYI', 'ZIXY'],
              coeffs=[ 8.+0.j,  7.+0.j, 10.+0.j,  7.+0.j,  6.+0.j])",(38+0j),-0.27666249309261837,0.0,0.0
"SparsePauliOp(['XYXX', 'ZIXI', 'IZZI', 'IZZX', 'IXZX'],
              coeffs=[8.+0.j, 2.+0.j, 2.+0.j, 7.+0.j, 5.+0.j])",(24+0j),0.5777736547222783,-7.071067780676315,-3.41702035840012
"SparsePauliOp(['ZZII', 'YYZY', 'ZYII', 'YIZZ', 'ZXZZ'],
              coeffs=[2.+0.j, 7.+0.j, 1.+0.j, 5.+0.j, 9.+0.j])",(24+0j),0.8223465412539845,-9.21954430989807,0.0007590020870953396
"SparsePauliOp(['ZYXI', 'XYYZ', 'XIIZ', 'ZZXZ', 'YZYY'],
              coeffs=[ 3.+0.j,  8.+0.j,  8.+0.j, 10.+0.j,  5.+0.j])",(34+0j),0.404703874517683,-7.999999901354023,-6.43398061663253
"SparsePauliOp(['YZYZ', 'XZZX', 'ZXIZ', 'YXYI', 'YYYI'],
              coeffs=[ 8.+0.j,  1.+0.j, 10.+0.j,  4.+0.j,  1.+0.j])",(24+0j),0.1295294179920772,-10.049499087326625,0.006990355126719194
"SparsePauliOp(['IXYI', 'ZXXI', 'ZZZX', 'YYYX', 'XXII'],
              coeffs=[ 3.+0.j, 10.+0.j,  1.+0.j,  9.+0.j,  2.+0.j])",(25+0j),0.6863175740355149,-10.99999930724766,0.7904504330435831
"SparsePauliOp(['ZYYI', 'IZZI', 'XYYY', 'XYYX', 'IIZY'],
              coeffs=[ 6.+0.j, 10.+0.j,  8.+0.j,  1.+0.j, 10.+0.j])",(35+0j),0.6032449321998502,-9.999999918695567,-6.08276178646952
"SparsePauliOp(['YYYZ', 'XZXI', 'YYZX', 'ZYXX', 'XYII'],
              coeffs=[ 3.+0.j,  2.+0.j, 10.+0.j,  2.+0.j,  1.+0.j])",(18+0j),0.7061008509798461,-10.198037128875212,0.00846060946791738
"SparsePauliOp(['XXIZ', 'IZIX', 'ZZIY', 'YZYZ', 'IYII'],
              coeffs=[ 5.+0.j,  9.+0.j, 10.+0.j,  6.+0.j,  7.+0.j])",(37+0j),0.7851115961784958,-4.999999992662093,-10.81648849228322
"SparsePauliOp(['YYIY', 'IIZZ', 'ZXIZ', 'IZIZ', 'IZIZ'],
              coeffs=[10.+0.j, 10.+0.j,  6.+0.j,  3.+0.j,  6.+0.j])",(35+0j),0.48052164600949426,-20.816653775101596,4.003040849909212e-07
"SparsePauliOp(['YXXI', 'IZIY', 'XZII', 'ZXYY', 'IZYI'],
              coeffs=[8.+0.j, 8.+0.j, 7.+0.j, 2.+0.j, 1.+0.j])",(26+0j),0.8376013317604817,0.0,-7.016618219366477
"SparsePauliOp(['ZIYZ', 'XXYY', 'ZZIX', 'XYYZ', 'IZZZ'],
              coeffs=[ 1.+0.j, 10.+0.j,  7.+0.j,  5.+0.j,  5.+0.j])",(28+0j),0.8616935055087821,-11.1803398164851,-6.42302802203549
"SparsePauliOp(['XIZZ', 'ZZII', 'YIYZ', 'YYXZ', 'ZXYX'],
              coeffs=[7.+0.j, 9.+0.j, 7.+0.j, 4.+0.j, 9.+0.j])",(36+0j),0.6302900701956605,-11.401754222926185,-6.0601253554107135
"SparsePauliOp(['IXXI', 'YIYI', 'XYXZ', 'XYYX', 'XXXY'],
              coeffs=[3.+0.j, 6.+0.j, 5.+0.j, 1.+0.j, 5.+0.j])",(20+0j),0.7326253146185641,-3.999999970570693,-4.7534420843931e-09
"SparsePauliOp(['IXXI', 'ZYZZ', 'IZZZ', 'YYZI', 'XXZY'],
              coeffs=[4.+0.j, 6.+0.j, 8.+0.j, 9.+0.j, 2.+0.j])",(29+0j),0.8299872289549481,-7.999999937981067,-8.04144292081152
"SparsePauliOp(['ZXIX', 'ZIYZ', 'ZZYI', 'YZZY', 'YIZZ'],
              coeffs=[ 6.+0.j,  1.+0.j,  7.+0.j, 10.+0.j,  3.+0.j])",(27+0j),0.8162012833411184,-1.3877787807814457e-17,-11.661902386507585
"SparsePauliOp(['ZYYX', 'IYYZ', 'IXIZ', 'XIIZ', 'IXIZ'],
              coeffs=[6.+0.j, 9.+0.j, 3.+0.j, 7.+0.j, 1.+0.j])",(26+0j),0.818278814736303,-16.999999954601634,-3.42649912394004
"SparsePauliOp(['ZIZX', 'XYYX', 'XXZX', 'IZII', 'IYIZ'],
              coeffs=[ 2.+0.j,  8.+0.j,  6.+0.j, 10.+0.j,  2.+0.j])",(28+0j),0.6627561888414624,-13.06394462250703,-4.1681893758750945
"SparsePauliOp(['YYIZ', 'YIIX', 'XZII', 'YIYI', 'IXZI'],
              coeffs=[9.+0.j, 2.+0.j, 3.+0.j, 6.+0.j, 2.+0.j])",(22+0j),0.821214281694783,-3.6055512665163283,-8.55351917266362
"SparsePauliOp(['XIIY', 'YZZY', 'IIIY', 'YZZY', 'ZXXX'],
              coeffs=[9.+0.j, 7.+0.j, 1.+0.j, 7.+0.j, 7.+0.j])",(31+0j),0.609989731522539,0.0,-13.999999876663678
"SparsePauliOp(['IXXX', 'XYXY', 'YIYZ', 'XXZI', 'YXIZ'],
              coeffs=[ 7.+0.j,  7.+0.j,  4.+0.j, 10.+0.j,  8.+0.j])",(36+0j),0.5401750878052921,-14.002798425031202,-6.261230241617945
"SparsePauliOp(['ZIYI', 'IIXI', 'XZIY', 'XYXI', 'ZYZI'],
              coeffs=[ 3.+0.j,  9.+0.j,  6.+0.j, 10.+0.j,  5.+0.j])",(33+0j),0.7445776011347162,-8.999999897181848,3.3021031544677726e-06
"SparsePauliOp(['ZZIZ', 'YZYZ', 'IIIZ', 'YZYI', 'XIII'],
              coeffs=[6.+0.j, 1.+0.j, 7.+0.j, 9.+0.j, 1.+0.j])",(24+0j),0.7946107929154845,-13.082762459365862,0.0008733369320985673
"SparsePauliOp(['YZXZ', 'YZYX', 'XIXX', 'XZZI', 'IYYZ'],
              coeffs=[7.+0.j, 2.+0.j, 7.+0.j, 8.+0.j, 6.+0.j])",(30+0j),0.8118787614233711,-12.6301457924061,-5.995672825558923
"SparsePauliOp(['YZXX', 'YZYZ', 'YZXI', 'ZYYY', 'IIYY'],
              coeffs=[6.+0.j, 2.+0.j, 3.+0.j, 5.+0.j, 4.+0.j])",(20+0j),0.5992814377594404,-3.9999999634114687,-0.4721356796923768
"SparsePauliOp(['XIYX', 'ZIIX', 'YYIY', 'XIXX', 'IYII'],
              coeffs=[10.+0.j,  5.+0.j,  6.+0.j,  7.+0.j, 10.+0.j])",(38+0j),0.7077300318593275,-8.602325220096102,5.686035841279136e-06
"SparsePauliOp(['YIXI', 'ZXYI', 'IYXI', 'ZZIZ', 'YZII'],
              coeffs=[8.+0.j, 1.+0.j, 3.+0.j, 7.+0.j, 5.+0.j])",(24+0j),-0.1404360471709423,-6.999999794382479,-1.1277289146960356e-07
"SparsePauliOp(['XYIZ', 'XYIX', 'IYXI', 'YZIZ', 'ZYYY'],
              coeffs=[3.+0.j, 4.+0.j, 3.+0.j, 1.+0.j, 6.+0.j])",(17+0j),-0.40481522374938134,0.0,0.0
"SparsePauliOp(['YZYZ', 'YZXZ', 'XZXI', 'IXXX', 'ZZIZ'],
              coeffs=[ 7.+0.j,  9.+0.j,  2.+0.j,  1.+0.j, 10.+0.j])",(29+0j),0.2446519891166938,-10.19994129407463,-3.3361871546573383
"SparsePauliOp(['YYYY', 'IXXY', 'YIYZ', 'IZXX', 'IZIX'],
              coeffs=[1.+0.j, 7.+0.j, 7.+0.j, 6.+0.j, 8.+0.j])",(29+0j),0.811773753896106,-13.999999982905674,-2.6374346276745477
"SparsePauliOp(['YZXX', 'XZYY', 'IXZI', 'YXZY', 'XIXZ'],
              coeffs=[10.+0.j,  5.+0.j,  2.+0.j,  2.+0.j,  9.+0.j])",(28+0j),-0.07890017955509271,-14.219543618579834,-6.525944868940314e-07
"SparsePauliOp(['YYYY', 'YYXZ', 'IIIX', 'YZZI', 'IYYI'],
              coeffs=[7.+0.j, 3.+0.j, 9.+0.j, 8.+0.j, 3.+0.j])",(30+0j),0.8239406571212713,-6.999999899543169,-4.714275972179595
"SparsePauliOp(['YZZX', 'XZXI', 'XXZI', 'ZZXX', 'XZXZ'],
              coeffs=[ 5.+0.j, 10.+0.j,  9.+0.j,  7.+0.j,  3.+0.j])",(34+0j),0.7999471623089106,-12.999999952806785,-2.7122385634065296
"SparsePauliOp(['XXZZ', 'XZZX', 'XXYX', 'YYZY', 'YIIX'],
              coeffs=[3.+0.j, 4.+0.j, 6.+0.j, 8.+0.j, 3.+0.j])",(24+0j),0.40030649825323045,-2.999999961559947,-3.999999656634685
"SparsePauliOp(['ZXIX', 'XZYY', 'YIIY', 'IYIY', 'ZIXZ'],
              coeffs=[5.+0.j, 9.+0.j, 1.+0.j, 9.+0.j, 1.+0.j])",(25+0j),0.7762216312522503,-14.035668820710605,-2.609220949522438
"SparsePauliOp(['XZYI', 'ZZYX', 'IZXX', 'YXYZ', 'XZXY'],
              coeffs=[4.+0.j, 2.+0.j, 1.+0.j, 2.+0.j, 6.+0.j])",(15+0j),0.7501496954255716,0.0,-2.236067923444753
"SparsePauliOp(['XZIY', 'IIZI', 'XYXX', 'YXYY', 'YIXX'],
              coeffs=[ 2.+0.j, 10.+0.j,  8.+0.j,  4.+0.j,  8.+0.j])",(32+0j),0.123272673992674,-9.999999980144167,-4.948843113083967e-09
"SparsePauliOp(['YXYZ', 'ZIYX', 'XZYX', 'XZXY', 'IXXZ'],
              coeffs=[7.+0.j, 2.+0.j, 1.+0.j, 1.+0.j, 4.+0.j])",(15+0j),0.8025526726922647,-6.9999999845106124,-1.062212593640293
"SparsePauliOp(['XYXZ', 'XXZZ', 'IYYZ', 'ZIZY', 'YIIY'],
              coeffs=[9.+0.j, 5.+0.j, 9.+0.j, 3.+0.j, 9.+0.j])",(35+0j),0.7396409721231596,-13.9999998899714,-3.727918370194841
"SparsePauliOp(['ZZXI', 'YXYY', 'IYYZ', 'XZZY', 'XZZY'],
              coeffs=[ 1.+0.j,  7.+0.j,  4.+0.j, 10.+0.j, 10.+0.j])",(32+0j),0.8048852478229532,-0.9999999922500538,-3.9996947917174417
"SparsePauliOp(['YZZZ', 'IZYZ', 'IXIY', 'YIIZ', 'XZZI'],
              coeffs=[ 4.+0.j,  4.+0.j, 10.+0.j,  7.+0.j,  4.+0.j])",(29+0j),-0.08965454809288555,-3.9999996206857826,-3.306476701325778e-07
"SparsePauliOp(['XZYX', 'ZYIY', 'XXZY', 'ZXXX', 'ZXXX'],
              coeffs=[10.+0.j,  7.+0.j,  8.+0.j,  9.+0.j,  1.+0.j])",(35+0j),0.6792487408475276,-16.999999857393263,1.396811953213728e-06
"SparsePauliOp(['ZIXI', 'ZYZZ', 'YYYI', 'YZYY', 'YIIX'],
              coeffs=[1.+0.j, 2.+0.j, 6.+0.j, 9.+0.j, 4.+0.j])",(22+0j),-2.2577429676188325,-0.9999872064641548,-1.2706182331401195e-05
"SparsePauliOp(['IIIX', 'ZYIX', 'YZXZ', 'YIIX', 'XXXX'],
              coeffs=[ 3.+0.j,  2.+0.j,  6.+0.j,  5.+0.j, 10.+0.j])",(26+0j),0.7965119960378506,-12.99999997578944,0.02177113349464399
"SparsePauliOp(['IZXZ', 'YZXY', 'XZIY', 'YXZZ', 'YXZI'],
              coeffs=[8.+0.j, 5.+0.j, 3.+0.j, 7.+0.j, 9.+0.j])",(32+0j),0.4890793709163389,-7.999999961100985,-1.4339808936959537
"SparsePauliOp(['ZXZI', 'YXZX', 'YXIX', 'IYZY', 'ZIYZ'],
              coeffs=[ 9.+0.j, 10.+0.j, 10.+0.j,  8.+0.j,  3.+0.j])",(40+0j),0.07972511835719845,-12.04159454209805,1.4628714239961482e-08
"SparsePauliOp(['ZXXX', 'YZIZ', 'YZXZ', 'XZYY', 'IZXY'],
              coeffs=[3.+0.j, 8.+0.j, 3.+0.j, 6.+0.j, 1.+0.j])",(21+0j),0.8183835433227878,-5.9999999371967485,1.63232816898784e-05
"SparsePauliOp(['ZZXY', 'ZYXI', 'IYZZ', 'ZZII', 'IYIZ'],
              coeffs=[2.+0.j, 5.+0.j, 4.+0.j, 2.+0.j, 8.+0.j])",(21+0j),0.23798539732211269,-1.9999999983621044,8.099017012597187e-08
"SparsePauliOp(['ZXZX', 'IIZX', 'XYYX', 'ZYXI', 'XYYX'],
              coeffs=[5.+0.j, 4.+0.j, 1.+0.j, 8.+0.j, 8.+0.j])",(26+0j),0.2752069334348521,-11.26668847778603,0.00015981695117872619
"SparsePauliOp(['XXYY', 'XYZI', 'IZYY', 'IYIY', 'YYYY'],
              coeffs=[2.+0.j, 6.+0.j, 6.+0.j, 7.+0.j, 2.+0.j])",(23+0j),0.8340166128635675,-3.9999999689911103,-5.80166672860816
"SparsePauliOp(['IIYI', 'IIXX', 'YXYZ', 'ZYYX', 'IZYY'],
              coeffs=[ 2.+0.j,  2.+0.j, 10.+0.j,  1.+0.j, 10.+0.j])",(25+0j),0.7729850315455145,-11.999999883526382,-10.039406839940316
"SparsePauliOp(['YYIY', 'ZIXX', 'YZIZ', 'XXXX', 'XZYZ'],
              coeffs=[ 7.+0.j,  1.+0.j, 10.+0.j,  7.+0.j, 10.+0.j])",(35+0j),0.8115296987976474,-6.999999963514455,-0.07091941270580904
"SparsePauliOp(['XXXY', 'IXZZ', 'YIXY', 'IZXI', 'YZYY'],
              coeffs=[ 4.+0.j,  4.+0.j, 10.+0.j,  2.+0.j,  5.+0.j])",(25+0j),-0.5709070528512897,-13.999998601527981,-1.451489454452684
"SparsePauliOp(['XYYI', 'YXZX', 'IZZZ', 'YYIY', 'XZXX'],
              coeffs=[7.+0.j, 2.+0.j, 8.+0.j, 9.+0.j, 5.+0.j])",(31+0j),0.6831363373725021,-7.999999932155576,-6.999994068762139
"SparsePauliOp(['IZZZ', 'XIYZ', 'YYXY', 'ZXIZ', 'ZXIX'],
              coeffs=[ 7.+0.j,  4.+0.j,  9.+0.j,  9.+0.j, 10.+0.j])",(39+0j),0.8078994443389925,-11.401754189012395,-7.832470370780554
"SparsePauliOp(['ZYZZ', 'ZIIX', 'ZZYX', 'ZIYZ', 'XXIZ'],
              coeffs=[ 2.+0.j, 10.+0.j,  9.+0.j,  5.+0.j,  7.+0.j])",(33+0j),0.7801297787016052,-9.999999980333369,-6.999970158520009
"SparsePauliOp(['YYZX', 'ZXXI', 'XZZY', 'YYXI', 'IZIZ'],
              coeffs=[10.+0.j,  5.+0.j,  3.+0.j,  4.+0.j,  7.+0.j])",(29+0j),0.81959342651162,-16.999999980504526,-2.234823000591504
"SparsePauliOp(['YXYZ', 'YYZY', 'IXXX', 'ZYYY', 'ZYYZ'],
              coeffs=[1.+0.j, 4.+0.j, 8.+0.j, 4.+0.j, 8.+0.j])",(25+0j),0.8369226074741326,-7.999999958203974,-4.307949283154647
"SparsePauliOp(['YXII', 'XYXX', 'IIIX', 'XYZI', 'ZIXY'],
              coeffs=[ 1.+0.j,  2.+0.j,  1.+0.j,  5.+0.j, 10.+0.j])",(19+0j),0.8616554956560304,0.0,-0.9998727480542926
"SparsePauliOp(['YXXY', 'ZYXI', 'ZXXZ', 'XYZX', 'YZYX'],
              coeffs=[ 5.+0.j,  7.+0.j,  2.+0.j, 10.+0.j, 10.+0.j])",(34+0j),0.711331574689707,-13.1803397057898,0.0001987151152107458
"SparsePauliOp(['YZXY', 'IXXI', 'ZIXZ', 'YZXZ', 'ZIIY'],
              coeffs=[ 8.+0.j,  9.+0.j,  7.+0.j, 10.+0.j,  8.+0.j])",(42+0j),0.8386964741309327,-6.999999968947084,-12.041563651564854
"SparsePauliOp(['XZZX', 'ZYIX', 'ZXII', 'XZZX', 'IIZZ'],
              coeffs=[1.+0.j, 4.+0.j, 4.+0.j, 6.+0.j, 4.+0.j])",(19+0j),0.8310099433706775,-3.999999978024306,-8.062226137080414
"SparsePauliOp(['ZZYZ', 'YYZZ', 'YYYX', 'ZXZZ', 'YXZX'],
              coeffs=[6.+0.j, 9.+0.j, 1.+0.j, 8.+0.j, 1.+0.j])",(25+0j),0.8164405781728717,-7.999999989952726,-2.998726446544338
"SparsePauliOp(['YYIX', 'ZYYY', 'YZXX', 'XYIX', 'ZIXX'],
              coeffs=[ 6.+0.j,  9.+0.j, 10.+0.j, 10.+0.j,  3.+0.j])",(38+0j),0.2554016997825029,-5.999999992206765,-0.7082038859683237
"SparsePauliOp(['XYZI', 'ZXIX', 'ZXIX', 'ZXXX', 'IXIZ'],
              coeffs=[1.+0.j, 7.+0.j, 2.+0.j, 9.+0.j, 7.+0.j])",(26+0j),0.4290149553592582,-11.401754135700017,-7.911452719376378
"SparsePauliOp(['YZIY', 'IXYY', 'YZIX', 'XZZY', 'ZZZZ'],
              coeffs=[ 1.+0.j,  1.+0.j,  8.+0.j, 10.+0.j, 10.+0.j])",(30+0j),0.8418786101726812,-9.999999912546373,-1.0310054250080114
"SparsePauliOp(['XXIY', 'YYYZ', 'YIIY', 'YYZI', 'XXZY'],
              coeffs=[4.+0.j, 3.+0.j, 3.+0.j, 1.+0.j, 2.+0.j])",(13+0j),0.7728450998534353,-2.9999999781353015,1.4855116528877943e-05
"SparsePauliOp(['ZYZX', 'ZIYY', 'ZIXY', 'XXIY', 'YIII'],
              coeffs=[ 2.+0.j,  4.+0.j, 10.+0.j,  5.+0.j,  6.+0.j])",(27+0j),-0.10710500740284841,-3.999999996227048,4.123803076794275e-09
"SparsePauliOp(['XYYZ', 'XYYZ', 'XXII', 'YZIY', 'YIXY'],
              coeffs=[ 9.+0.j,  7.+0.j,  4.+0.j,  4.+0.j, 10.+0.j])",(34+0j),0.7102274240262151,-10.770329483562001,-11.000532886063347
"SparsePauliOp(['XXZY', 'YZYI', 'YYYX', 'XIYZ', 'YYZY'],
              coeffs=[ 6.+0.j, 10.+0.j,  9.+0.j,  4.+0.j,  6.+0.j])",(35+0j),0.6022604247188129,-9.999998976602209,7.579069821517237e-06
"SparsePauliOp(['XIXX', 'IXXX', 'YXXZ', 'IYYI', 'IZXZ'],
              coeffs=[ 6.+0.j, 10.+0.j,  2.+0.j, 10.+0.j,  7.+0.j])",(35+0j),0.8019544481455753,-15.999999782522675,-3.218600845886975
"SparsePauliOp(['XXXX', 'YYYX', 'IIZI', 'XXYI', 'ZXXX'],
              coeffs=[ 1.+0.j,  2.+0.j,  6.+0.j, 10.+0.j,  1.+0.j])",(20+0j),0.7833248338328245,-6.16441378911119,8.278480402790223e-05
"SparsePauliOp(['XYZI', 'ZIZZ', 'ZXIZ', 'YXII', 'XXIY'],
              coeffs=[3.+0.j, 2.+0.j, 2.+0.j, 6.+0.j, 8.+0.j])",(21+0j),0.7622427730203747,-3.999999984332376,2.522390999626367e-06
"SparsePauliOp(['YXII', 'XZZY', 'YZXY', 'XIZZ', 'XYYI'],
              coeffs=[10.+0.j,  2.+0.j, 10.+0.j,  3.+0.j,  6.+0.j])",(31+0j),0.690235333856727,-2.9999999933478723,-7.440304900148943
"SparsePauliOp(['IZYX', 'YIXX', 'IZXY', 'YXIX', 'IZYY'],
              coeffs=[5.+0.j, 2.+0.j, 5.+0.j, 7.+0.j, 4.+0.j])",(23+0j),0.5742083987685888,0.0,-3.9999999342114303
"SparsePauliOp(['ZIYX', 'IYZX', 'ZXZI', 'ZXZX', 'IYII'],
              coeffs=[6.+0.j, 5.+0.j, 2.+0.j, 1.+0.j, 9.+0.j])",(23+0j),0.6610710574023759,-1.9999999720564636,-0.9999997299191463
"SparsePauliOp(['YIXX', 'IIZY', 'ZXIX', 'XIYY', 'ZIIZ'],
              coeffs=[9.+0.j, 3.+0.j, 4.+0.j, 2.+0.j, 6.+0.j])",(24+0j),0.4257301505566637,-5.999999976661381,-3.2111024852978014
"SparsePauliOp(['YZIZ', 'IIXZ', 'ZZXI', 'IZYZ', 'YXYX'],
              coeffs=[5.+0.j, 5.+0.j, 8.+0.j, 3.+0.j, 1.+0.j])",(22+0j),0.8060434186778195,-12.999999969578345,-0.06219581105711747
"SparsePauliOp(['YZYZ', 'YYIX', 'IZXZ', 'IYZZ', 'XIIX'],
              coeffs=[1.+0.j, 4.+0.j, 6.+0.j, 2.+0.j, 2.+0.j])",(15+0j),0.6765962316445779,-10.198038976558145,1.0081240162662652e-06
"SparsePauliOp(['XXYY', 'IXZZ', 'IXZY', 'ZZYZ', 'XYZY'],
              coeffs=[ 2.+0.j,  9.+0.j,  2.+0.j, 10.+0.j,  1.+0.j])",(24+0j),0.4218772793404775,-10.999999938065546,-0.9999962652273293
"SparsePauliOp(['XZYZ', 'IZYZ', 'IYXY', 'YIXY', 'XXIX'],
              coeffs=[ 4.+0.j,  7.+0.j,  6.+0.j, 10.+0.j,  3.+0.j])",(30+0j),0.7258600543740239,-9.99999993708247,-2.9985048325308394
"SparsePauliOp(['YYIX', 'YYXY', 'YXYX', 'XIXY', 'YYII'],
              coeffs=[ 6.+0.j,  1.+0.j,  2.+0.j, 10.+0.j,  7.+0.j])",(26+0j),0.694887759494007,-6.324554861273193,0.010208515103498073
"SparsePauliOp(['ZYIZ', 'YZXI', 'XZZY', 'YIXZ', 'XXZZ'],
              coeffs=[ 3.+0.j, 10.+0.j,  6.+0.j,  2.+0.j, 10.+0.j])",(31+0j),0.6865630453691514,-9.999999916877103,1.1262292769487203e-06
"SparsePauliOp(['YIIX', 'ZXYI', 'IZYI', 'IZXZ', 'YZZI'],
              coeffs=[9.+0.j, 9.+0.j, 8.+0.j, 2.+0.j, 1.+0.j])",(29+0j),-0.09801681280469743,-1.999999991002678,2.3240256386003466e-09
"SparsePauliOp(['XZZY', 'ZIZX', 'YXZY', 'XXYX', 'IYZZ'],
              coeffs=[7.+0.j, 2.+0.j, 4.+0.j, 4.+0.j, 1.+0.j])",(18+0j),0.5983940970550744,2.220446049250313e-16,-5.99999982635388
"SparsePauliOp(['IXXY', 'IZXZ', 'YZIZ', 'YYZY', 'XXXX'],
              coeffs=[1.+0.j, 4.+0.j, 8.+0.j, 5.+0.j, 4.+0.j])",(22+0j),0.8464827920750553,-3.999999997686692,-3.999997443150668
"SparsePauliOp(['XXZZ', 'ZIIX', 'IIXI', 'ZXYX', 'IZIZ'],
              coeffs=[ 9.+0.j,  7.+0.j,  4.+0.j, 10.+0.j,  7.+0.j])",(37+0j),0.5814205750667092,-13.89949489433242,-4.642943892726095
"SparsePauliOp(['IXYZ', 'XZIX', 'ZIYI', 'YZII', 'XYIX'],
              coeffs=[ 4.+0.j,  7.+0.j, 10.+0.j,  4.+0.j,  4.+0.j])",(29+0j),0.7959469891324948,-6.999999995962591,9.204580369015503e-07
"SparsePauliOp(['XZXI', 'XYXY', 'IXIX', 'XXZZ', 'ZIZI'],
              coeffs=[7.+0.j, 7.+0.j, 4.+0.j, 7.+0.j, 2.+0.j])",(27+0j),0.050460386226659146,-8.429493850035202,-5.444703100464771
"SparsePauliOp(['ZZIZ', 'ZXII', 'YYXY', 'ZXIY', 'IYXX'],
              coeffs=[7.+0.j, 1.+0.j, 2.+0.j, 4.+0.j, 6.+0.j])",(20+0j),0.8154252513717184,-7.071067714001631,1.7547948370832955e-05
"SparsePauliOp(['ZYIY', 'XYXX', 'YYXX', 'XZYZ', 'IZYX'],
              coeffs=[9.+0.j, 1.+0.j, 4.+0.j, 3.+0.j, 6.+0.j])",(23+0j),0.7165582026634044,-3.999999975740638,-8.99999934116248
"SparsePauliOp(['XXIX', 'YXZX', 'IIYX', 'ZYII', 'XXXY'],
              coeffs=[4.+0.j, 6.+0.j, 8.+0.j, 6.+0.j, 4.+0.j])",(28+0j),0.5952717068089425,-3.999999998030967,2.4907578977106937e-07
"SparsePauliOp(['IYZX', 'XXXI', 'ZYIZ', 'IXIY', 'YXYX'],
              coeffs=[8.+0.j, 1.+0.j, 3.+0.j, 1.+0.j, 3.+0.j])",(16+0j),0.6229024512777258,-2.9999999831941278,-0.99999990498931
"SparsePauliOp(['ZZZX', 'YYII', 'ZYXZ', 'YYII', 'XXXX'],
              coeffs=[ 7.+0.j,  4.+0.j,  4.+0.j,  5.+0.j, 10.+0.j])",(30+0j),0.7938808250303008,-12.206555589453682,2.0929564801264178e-06
"SparsePauliOp(['IIYX', 'IIXX', 'ZIXX', 'IZIY', 'ZYXX'],
              coeffs=[3.+0.j, 8.+0.j, 9.+0.j, 9.+0.j, 4.+0.j])",(33+0j),0.787204163058587,-7.999999944984878,-8.999406167516085
"SparsePauliOp(['XIIX', 'XYXX', 'XZYY', 'ZXXI', 'ZYXY'],
              coeffs=[ 6.+0.j, 10.+0.j,  2.+0.j,  3.+0.j,  1.+0.j])",(22+0j),0.811896390743989,-6.708203914912525,-0.30061212188659514
"SparsePauliOp(['ZYXY', 'IIZZ', 'ZIYY', 'YXYX', 'ZZXI'],
              coeffs=[10.+0.j,  4.+0.j,  1.+0.j,  8.+0.j,  6.+0.j])",(29+0j),0.7031865449659822,-13.095284864364027,-9.750316652695824
"SparsePauliOp(['YXZY', 'XXYY', 'YZZI', 'YZZZ', 'XIXY'],
              coeffs=[6.+0.j, 3.+0.j, 6.+0.j, 2.+0.j, 2.+0.j])",(19+0j),0.8324362268255192,-2.999999977419197,-5.999929945759909
"SparsePauliOp(['ZXZZ', 'XXIX', 'IXZY', 'IIII', 'XZIY'],
              coeffs=[5.+0.j, 6.+0.j, 6.+0.j, 1.+0.j, 5.+0.j])",(23+0j),0.6348436385749648,-4.999999996483298,-4.999999788800329
"SparsePauliOp(['YIIY', 'YYXY', 'XXXX', 'XIIZ', 'XIIY'],
              coeffs=[ 1.+0.j,  6.+0.j, 10.+0.j,  2.+0.j,  3.+0.j])",(22+0j),0.6063058211771086,-10.999999824358031,-0.0273236712530025
"SparsePauliOp(['YIXI', 'XXXY', 'YXZY', 'YXZX', 'ZXII'],
              coeffs=[ 4.+0.j,  9.+0.j, 10.+0.j,  2.+0.j,  1.+0.j])",(26+0j),0.1691924161100504,-10.049827343968492,0.006860800831310243
"SparsePauliOp(['YXXZ', 'YIXI', 'XYYI', 'XZXY', 'IXYZ'],
              coeffs=[9.+0.j, 2.+0.j, 6.+0.j, 7.+0.j, 2.+0.j])",(26+0j),0.1056548957216477,0.0,4.579669976578771e-16
"SparsePauliOp(['ZYIY', 'IIZZ', 'ZXXI', 'ZIXI', 'ZZII'],
              coeffs=[10.+0.j,  1.+0.j,  8.+0.j,  5.+0.j,  4.+0.j])",(28+0j),0.8249841119859178,-9.099019487213734,-9.345085564432562
"SparsePauliOp(['XZZI', 'XZYX', 'IXZY', 'YXII', 'YXIX'],
              coeffs=[ 2.+0.j,  6.+0.j,  6.+0.j, 10.+0.j,  3.+0.j])",(27+0j),0.018416900410334582,-1.9999998103428913,-1.653238350662889e-07
"SparsePauliOp(['IZZI', 'YIXX', 'ZYXI', 'ZYIZ', 'YIIX'],
              coeffs=[1.+0.j, 2.+0.j, 8.+0.j, 5.+0.j, 2.+0.j])",(18+0j),0.25541339196981117,-0.9999999986836541,5.004128666996621e-09
"SparsePauliOp(['XIXX', 'XIZZ', 'XIXX', 'IXZZ', 'XXXX'],
              coeffs=[3.+0.j, 9.+0.j, 5.+0.j, 9.+0.j, 1.+0.j])",(27+0j),0.7834928103442627,-17.99999996274193,-8.994330003983418
"SparsePauliOp(['YZZY', 'XYXX', 'IYYI', 'YYZY', 'YZXX'],
              coeffs=[ 9.+0.j, 10.+0.j, 10.+0.j,  5.+0.j,  4.+0.j])",(38+0j),0.290276327937919,-5.559246639419424e-16,-8.999999969986892
"SparsePauliOp(['XYYZ', 'ZYXX', 'XXZI', 'IXIX', 'XYIZ'],
              coeffs=[10.+0.j,  3.+0.j,  1.+0.j,  7.+0.j,  5.+0.j])",(26+0j),0.8344931090010091,-6.999999930054872,-10.978826311785927
"SparsePauliOp(['YYXI', 'XZXI', 'ZZYZ', 'YIIY', 'XXXY'],
              coeffs=[9.+0.j, 8.+0.j, 2.+0.j, 6.+0.j, 2.+0.j])",(27+0j),0.788884329932027,-7.999999964467586,-10.999549010283507
"SparsePauliOp(['IYXY', 'IXYY', 'IYYZ', 'ZYXZ', 'ZXIX'],
              coeffs=[8.+0.j, 1.+0.j, 6.+0.j, 6.+0.j, 9.+0.j])",(30+0j),0.8083591317815666,-5.999999964165621,-17.024542669806348
"SparsePauliOp(['IIYX', 'ZXIZ', 'ZIXY', 'ZYIY', 'ZIYI'],
              coeffs=[ 6.+0.j,  2.+0.j,  1.+0.j, 10.+0.j,  4.+0.j])",(23+0j),0.23433500206913474,-11.999999946876116,2.3790182623883993e-07
"SparsePauliOp(['ZIYI', 'XZZY', 'IYXX', 'ZIZI', 'XZZX'],
              coeffs=[10.+0.j,  9.+0.j,  8.+0.j,  6.+0.j,  2.+0.j])",(35+0j),0.8342763662734317,-5.999999964266895,-0.32091891235354897
"SparsePauliOp(['ZIYY', 'YXZX', 'ZYYX', 'YZIZ', 'XYII'],
              coeffs=[7.+0.j, 4.+0.j, 6.+0.j, 9.+0.j, 3.+0.j])",(29+0j),0.0036454389134615243,-9.219544434825853,1.3449922064978637e-08
"SparsePauliOp(['IXYI', 'YXII', 'ZZZY', 'XZIX', 'XZYI'],
              coeffs=[2.+0.j, 8.+0.j, 7.+0.j, 1.+0.j, 5.+0.j])",(23+0j),0.8664471198263805,0.0,-0.9999767125137751
"SparsePauliOp(['YIXY', 'XYIY', 'IZZY', 'IXYY', 'ZIYZ'],
              coeffs=[10.+0.j,  7.+0.j,  7.+0.j,  2.+0.j,  5.+0.j])",(31+0j),0.3039785116807802,-10.198037350133443,-2.1698528210255805
"SparsePauliOp(['ZXZY', 'ZIXI', 'XYXI', 'XXXI', 'ZYZZ'],
              coeffs=[1.+0.j, 1.+0.j, 4.+0.j, 5.+0.j, 2.+0.j])",(13+0j),0.7862886384033532,-5.099019489096256,0.0016693103757896566
"SparsePauliOp(['ZZZY', 'ZXYI', 'XZII', 'YZZZ', 'XYXX'],
              coeffs=[2.+0.j, 4.+0.j, 7.+0.j, 8.+0.j, 7.+0.j])",(28+0j),0.20898962649914166,-6.999947389586823,0.0017229246729284498
"SparsePauliOp(['XIIY', 'ZXYX', 'YYIY', 'IXZI', 'IZZY'],
              coeffs=[8.+0.j, 7.+0.j, 7.+0.j, 9.+0.j, 4.+0.j])",(35+0j),0.6328386892138144,-8.999999959046093,3.668969768000352e-07
"SparsePauliOp(['XXZX', 'IIZZ', 'YZYI', 'YXZX', 'YXII'],
              coeffs=[ 8.+0.j,  8.+0.j, 10.+0.j, 10.+0.j,  3.+0.j])",(39+0j),0.4213858596515695,-7.999999980994033,-7.0996688643109245
"SparsePauliOp(['IXXX', 'IXIX', 'IXXZ', 'XZXZ', 'XYZI'],
              coeffs=[9.+0.j, 1.+0.j, 3.+0.j, 1.+0.j, 4.+0.j])",(18+0j),0.11802326736671948,-10.999298471442506,-0.3700949697379894
"SparsePauliOp(['YXYZ', 'IIYI', 'YZYY', 'IIXX', 'XXYX'],
              coeffs=[10.+0.j,  8.+0.j,  5.+0.j, 10.+0.j,  3.+0.j])",(36+0j),0.8002348871071672,-9.999999913914186,-9.989738672900431
"SparsePauliOp(['YZZY', 'YIIY', 'XYZZ', 'YIIZ', 'ZXZZ'],
              coeffs=[8.+0.j, 1.+0.j, 7.+0.j, 1.+0.j, 8.+0.j])",(25+0j),0.8048266704714455,-7.999999968304802,-4.313436869617414
"SparsePauliOp(['XYIY', 'XZXI', 'IIYZ', 'XXZX', 'YZXI'],
              coeffs=[ 3.+0.j,  2.+0.j,  9.+0.j,  5.+0.j, 10.+0.j])",(29+0j),0.7379915058714492,-8.605551245917617,2.2625931848097025e-06
"SparsePauliOp(['IZXI', 'ZXIZ', 'ZYIZ', 'XIZY', 'YYIZ'],
              coeffs=[4.+0.j, 8.+0.j, 1.+0.j, 2.+0.j, 4.+0.j])",(19+0j),0.8206718850631154,-8.94427176659624,-3.703575549096753
"SparsePauliOp(['IXZX', 'XIZY', 'YXZZ', 'IZXI', 'YIIX'],
              coeffs=[10.+0.j,  7.+0.j,  2.+0.j, 10.+0.j,  4.+0.j])",(33+0j),0.8000622653111484,-9.999999983974263,-9.999831143351631
"SparsePauliOp(['XIYY', 'IYYX', 'YZZZ', 'IIYY', 'XXII'],
              coeffs=[9.+0.j, 1.+0.j, 4.+0.j, 8.+0.j, 9.+0.j])",(31+0j),0.5104601946604224,-10.049875464699504,-15.969345316821972
"SparsePauliOp(['XYIX', 'XZIZ', 'IIZZ', 'ZXZI', 'YZXY'],
              coeffs=[ 5.+0.j, 10.+0.j,  2.+0.j,  6.+0.j, 10.+0.j])",(33+0j),0.6330912563031214,-21.99999966786242,2.0637940991719006e-06
"SparsePauliOp(['ZXXZ', 'XXYX', 'IYIX', 'IYXY', 'ZZXZ'],
              coeffs=[9.+0.j, 9.+0.j, 2.+0.j, 9.+0.j, 3.+0.j])",(32+0j),-0.4539376878870606,-9.486779654075146,-9.000049058759966
"SparsePauliOp(['YZII', 'IZYY', 'XYXY', 'ZXIY', 'YIZY'],
              coeffs=[ 1.+0.j,  5.+0.j, 10.+0.j,  2.+0.j,  7.+0.j])",(25+0j),0.7624585570354762,-9.99999991108261,-8.602323841925378
"SparsePauliOp(['ZYIX', 'ZZIX', 'XXYX', 'XIZI', 'IXYI'],
              coeffs=[ 9.+0.j, 10.+0.j,  6.+0.j,  7.+0.j,  1.+0.j])",(33+0j),0.7910383352478931,-12.206555554154363,2.762580471937781e-06
"SparsePauliOp(['XXZI', 'IXIY', 'XZXY', 'IZII', 'YXZI'],
              coeffs=[ 6.+0.j,  4.+0.j,  9.+0.j, 10.+0.j,  5.+0.j])",(34+0j),0.2895153083218579,-9.99999816456064,-1.6619043970090992
"SparsePauliOp(['XYXI', 'IZYY', 'ZIZI', 'XYYX', 'YZYZ'],
              coeffs=[9.+0.j, 9.+0.j, 7.+0.j, 6.+0.j, 7.+0.j])",(38+0j),0.429273708586163,-6.999999966716755,-10.401754188961378
"SparsePauliOp(['YYZZ', 'YXIX', 'XIIX', 'IZYX', 'XZYX'],
              coeffs=[ 7.+0.j,  8.+0.j,  6.+0.j, 10.+0.j,  5.+0.j])",(36+0j),0.8142386632501598,-5.999999971110678,-6.995008199612074
"SparsePauliOp(['ZIXY', 'XIXY', 'IIII', 'YYII', 'IXZZ'],
              coeffs=[4.+0.j, 2.+0.j, 4.+0.j, 1.+0.j, 1.+0.j])",(12+0j),-0.10043121435526499,3.0000000032668983,5.154812576790846e-09
"SparsePauliOp(['XIIZ', 'IXXX', 'IXZX', 'ZIXX', 'XXZZ'],
              coeffs=[9.+0.j, 4.+0.j, 6.+0.j, 1.+0.j, 8.+0.j])",(28+0j),-0.43628553073309984,-17.84885762309657,-0.08652386931643363
"SparsePauliOp(['ZXIY', 'ZIIX', 'YXIY', 'YZIY', 'YYIZ'],
              coeffs=[10.+0.j,  8.+0.j,  4.+0.j,  9.+0.j,  3.+0.j])",(34+0j),0.8317308646309539,-3.999999997014367,-16.845067929309685
"SparsePauliOp(['YXZI', 'YXIX', 'ZXYX', 'ZIZI', 'YYYI'],
              coeffs=[ 9.+0.j, 10.+0.j,  4.+0.j,  3.+0.j,  7.+0.j])",(33+0j),0.5332630328471044,-2.9999999821334473,1.4085072486125227e-07
"SparsePauliOp(['ZZZI', 'XIYY', 'ZIZX', 'XYZY', 'YIXY'],
              coeffs=[4.+0.j, 7.+0.j, 7.+0.j, 2.+0.j, 3.+0.j])",(23+0j),0.5866154523114291,-5.999999981531464,-8.280109649522071
"SparsePauliOp(['XYXX', 'XZYX', 'ZXIX', 'XIIY', 'ZZYY'],
              coeffs=[ 1.+0.j, 10.+0.j,  8.+0.j,  1.+0.j,  4.+0.j])",(24+0j),-0.055633439900001726,-3.9999999678047256,-3.9999999637037242
"SparsePauliOp(['IIXX', 'YZXI', 'ZIYY', 'XXII', 'ZYZZ'],
              coeffs=[ 1.+0.j,  1.+0.j, 10.+0.j,  8.+0.j, 10.+0.j])",(30+0j),0.822927160464729,-7.999999939550874,-5.80264536241124
"SparsePauliOp(['IYZI', 'ZYXX', 'XIXX', 'YZII', 'ZXZZ'],
              coeffs=[1.+0.j, 7.+0.j, 8.+0.j, 7.+0.j, 9.+0.j])",(32+0j),0.8237815627681322,-12.04159449501967,1.61836954717387e-05
"SparsePauliOp(['ZXZY', 'IZYY', 'ZZXX', 'YIZI', 'ZXYI'],
              coeffs=[3.+0.j, 2.+0.j, 9.+0.j, 2.+0.j, 5.+0.j])",(21+0j),0.8549756635650492,0.0,-10.999999096244967
"SparsePauliOp(['ZZII', 'XIZX', 'XYXY', 'IXZZ', 'ZYXI'],
              coeffs=[9.+0.j, 2.+0.j, 6.+0.j, 1.+0.j, 6.+0.j])",(24+0j),0.46144495084070475,-15.25236138622015,0.20488668207374694
"SparsePauliOp(['YIZY', 'YZII', 'IZIY', 'YZII', 'IXIX'],
              coeffs=[10.+0.j,  8.+0.j,  3.+0.j,  8.+0.j,  8.+0.j])",(37+0j),-0.42560275159298794,-7.9999732780532575,-4.806274281728552
"SparsePauliOp(['IZXX', 'ZXZI', 'YXIX', 'ZZZX', 'ZYYZ'],
              coeffs=[ 2.+0.j, 10.+0.j,  5.+0.j,  3.+0.j,  3.+0.j])",(23+0j),-1.0984158278833842,-10.45179367907947,-1.9175225220451413
"SparsePauliOp(['XXZX', 'IXIY', 'IYXX', 'XXIZ', 'XXIZ'],
              coeffs=[ 3.+0.j,  1.+0.j,  2.+0.j, 10.+0.j,  6.+0.j])",(22+0j),0.8501385527706128,-2.9999999861924547,-13.249596604266651
"SparsePauliOp(['ZIYX', 'IXXX', 'ZZYY', 'XZYI', 'ZIYZ'],
              coeffs=[2.+0.j, 1.+0.j, 8.+0.j, 1.+0.j, 9.+0.j])",(21+0j),0.8328749061912647,-0.9999999974502118,-7.059762030292099
"SparsePauliOp(['IYIZ', 'IIZZ', 'IYYI', 'YXYX', 'YXXY'],
              coeffs=[ 3.+0.j,  6.+0.j, 10.+0.j,  1.+0.j,  4.+0.j])",(24+0j),0.7548287410723932,-8.999999978653172,4.402354697674582e-06
"SparsePauliOp(['XYXX', 'YIXX', 'XZIY', 'IYII', 'YIYY'],
              coeffs=[4.+0.j, 5.+0.j, 4.+0.j, 8.+0.j, 3.+0.j])",(24+0j),-0.4691987850549969,0.0,0.0
"SparsePauliOp(['ZYIZ', 'XXYI', 'XZIY', 'YIZY', 'XZZI'],
              coeffs=[4.+0.j, 8.+0.j, 9.+0.j, 1.+0.j, 4.+0.j])",(26+0j),-2.888136690562795,-4.123105600975891,1.3859852643349768e-07
"SparsePauliOp(['XYZY', 'ZXYY', 'YYXI', 'XZXX', 'YYZI'],
              coeffs=[ 6.+0.j, 10.+0.j,  3.+0.j,  1.+0.j,  6.+0.j])",(26+0j),0.8260427724036379,-11.66190377436452,-3.2016129465641576
"SparsePauliOp(['XIXY', 'XYZI', 'YIXZ', 'IZII', 'YXXX'],
              coeffs=[10.+0.j,  6.+0.j,  2.+0.j,  7.+0.j,  8.+0.j])",(33+0j),0.7311781474156183,-6.999999995383102,0.000322495026713554
"SparsePauliOp(['XXZY', 'IYII', 'IZZZ', 'IIIZ', 'ZYZX'],
              coeffs=[2.+0.j, 3.+0.j, 4.+0.j, 8.+0.j, 9.+0.j])",(26+0j),0.017014672129530374,-11.999999968020301,2.1542211570135805e-07
"SparsePauliOp(['YYXX', 'XZIZ', 'YIIX', 'ZYYZ', 'XXYZ'],
              coeffs=[8.+0.j, 8.+0.j, 9.+0.j, 8.+0.j, 1.+0.j])",(34+0j),0.8259814871035265,-11.3137084564382,2.4866844086091078e-06
"SparsePauliOp(['YXYY', 'XYXY', 'XIYX', 'ZYIZ', 'ZZXX'],
              coeffs=[ 8.+0.j,  9.+0.j,  9.+0.j,  7.+0.j, 10.+0.j])",(43+0j),0.3563580813838109,-8.999999905025625,-4.4536239458715166
"SparsePauliOp(['YIYZ', 'ZIYY', 'ZYIY', 'IIYI', 'XYII'],
              coeffs=[10.+0.j,  8.+0.j,  8.+0.j,  7.+0.j,  6.+0.j])",(39+0j),0.8408666830938075,-7.999999971691716,-9.99893838132799
"SparsePauliOp(['ZZII', 'ZXIZ', 'IYIX', 'XYZZ', 'IZZX'],
              coeffs=[3.+0.j, 7.+0.j, 9.+0.j, 8.+0.j, 3.+0.j])",(30+0j),-1.383099030187903,-8.345760789943292,-2.2700118744700326
"SparsePauliOp(['ZYXY', 'ZYII', 'XZYZ', 'IXXI', 'ZZZX'],
              coeffs=[2.+0.j, 6.+0.j, 4.+0.j, 9.+0.j, 9.+0.j])",(30+0j),0.8077824604060746,-18.110770147810385,0.009428473739721
"SparsePauliOp(['YXZI', 'YIYX', 'IZZI', 'YZII', 'YZYI'],
              coeffs=[1.+0.j, 7.+0.j, 7.+0.j, 7.+0.j, 6.+0.j])",(28+0j),0.8577750182152247,-6.9999999158512685,-7.764805695295741
"SparsePauliOp(['IYYX', 'ZXII', 'IXYI', 'ZXIX', 'YZXY'],
              coeffs=[1.+0.j, 2.+0.j, 8.+0.j, 2.+0.j, 2.+0.j])",(15+0j),0.7946494025706287,-4.123105622550663,-0.7796988294828608
"SparsePauliOp(['YIII', 'YXIY', 'ZYXX', 'YZXZ', 'XZZZ'],
              coeffs=[5.+0.j, 5.+0.j, 7.+0.j, 2.+0.j, 5.+0.j])",(24+0j),0.8217760476747389,-4.9999999744461885,-2.071051335472333
"SparsePauliOp(['YIXX', 'YXYY', 'IZXY', 'YXIY', 'ZZIY'],
              coeffs=[5.+0.j, 2.+0.j, 1.+0.j, 7.+0.j, 1.+0.j])",(16+0j),0.35750868242419026,-6.999999962248981,3.676192328327943e-08
"SparsePauliOp(['IZXY', 'IZZX', 'XXXZ', 'ZZXY', 'YXXI'],
              coeffs=[7.+0.j, 5.+0.j, 6.+0.j, 5.+0.j, 8.+0.j])",(31+0j),0.44574007533899995,0.0,-7.810249551737483
"SparsePauliOp(['XZYZ', 'IZZZ', 'IIXY', 'XXYY', 'IXZX'],
              coeffs=[10.+0.j, 10.+0.j, 10.+0.j,  4.+0.j,  1.+0.j])",(35+0j),0.7185611778388369,-10.770328821828038,-0.9998933064451414
"SparsePauliOp(['XZZY', 'XIYI', 'XZXX', 'XYZX', 'XYZZ'],
              coeffs=[ 2.+0.j,  5.+0.j,  4.+0.j,  6.+0.j, 10.+0.j])",(27+0j),0.8563854472087775,-3.0531133177191805e-16,-3.9997991529839894
"SparsePauliOp(['IXZX', 'YYII', 'ZYZX', 'IZYX', 'YIYX'],
              coeffs=[ 5.+0.j, 10.+0.j,  1.+0.j,  4.+0.j,  3.+0.j])",(23+0j),0.5946774443833143,-5.830951861334838,4.275051379565298e-07
"SparsePauliOp(['IZZX', 'XXXX', 'ZYII', 'ZXYI', 'IYZI'],
              coeffs=[6.+0.j, 1.+0.j, 3.+0.j, 9.+0.j, 8.+0.j])",(27+0j),0.7228532437783002,-5.999999986378285,-0.9999995990836377
"SparsePauliOp(['IIIZ', 'XIYZ', 'YXYI', 'IIIX', 'XXZY'],
              coeffs=[10.+0.j,  8.+0.j,  9.+0.j,  2.+0.j,  3.+0.j])",(32+0j),0.06266979930565451,-10.198033427330248,-8.99750734238603
"SparsePauliOp(['YYYY', 'IZYX', 'YXZZ', 'ZZIZ', 'YYXZ'],
              coeffs=[10.+0.j,  5.+0.j, 10.+0.j,  4.+0.j,  8.+0.j])",(37+0j),0.44912035495936203,-17.999999877858432,2.1775871772433675e-08
"SparsePauliOp(['YIXI', 'XIZI', 'YIIX', 'ZYYI', 'ZXZZ'],
              coeffs=[6.+0.j, 4.+0.j, 7.+0.j, 3.+0.j, 3.+0.j])",(23+0j),0.41187051907171573,-4.999998091351835,-3.0000007604839976
"SparsePauliOp(['YXZY', 'ZIYY', 'IIIX', 'XYIY', 'YZIX'],
              coeffs=[10.+0.j,  6.+0.j,  3.+0.j,  7.+0.j,  3.+0.j])",(29+0j),0.8220143751811065,-7.615773069251155,-11.817130474912645
"SparsePauliOp(['YZZI', 'ZZZX', 'YYXZ', 'YYIX', 'IZIY'],
              coeffs=[2.+0.j, 1.+0.j, 6.+0.j, 7.+0.j, 5.+0.j])",(21+0j),0.673604372833057,-6.999999981921625,-3.219544215937373
"SparsePauliOp(['YZXY', 'ZYIX', 'XYIY', 'YYZY', 'IYYZ'],
              coeffs=[ 1.+0.j,  3.+0.j, 10.+0.j,  9.+0.j,  5.+0.j])",(28+0j),0.7965775625457283,-9.99999992813455,-2.0827885310909267
"SparsePauliOp(['ZYZZ', 'XYIY', 'YXIX', 'XZIX', 'ZIIZ'],
              coeffs=[10.+0.j,  9.+0.j,  3.+0.j,  5.+0.j,  5.+0.j])",(32+0j),0.14724954899470785,-13.999999953701124,-4.999999894662107
"SparsePauliOp(['IXXY', 'IIYX', 'ZZZI', 'XXZZ', 'IIYX'],
              coeffs=[ 6.+0.j,  5.+0.j,  4.+0.j, 10.+0.j,  5.+0.j])",(30+0j),0.8352300621303345,-3.999999956331703,-9.999363254124908
"SparsePauliOp(['YXXY', 'ZIXI', 'ZXXZ', 'IZIX', 'IXIX'],
              coeffs=[ 7.+0.j,  7.+0.j, 10.+0.j,  9.+0.j,  9.+0.j])",(42+0j),0.8062594069194737,-16.999999896100103,-13.502660688928028
"SparsePauliOp(['ZYZY', 'XZXI', 'IZZZ', 'XIYX', 'YYYX'],
              coeffs=[10.+0.j,  8.+0.j,  1.+0.j,  7.+0.j,  9.+0.j])",(35+0j),0.4431506656259771,-13.601469748018287,0.032935953439636734
"SparsePauliOp(['IIZY', 'ZIZY', 'YYYI', 'XXZZ', 'YIZI'],
              coeffs=[8.+0.j, 7.+0.j, 2.+0.j, 7.+0.j, 4.+0.j])",(28+0j),0.6369994176229328,-6.999999985266883,4.2695949264981436e-07
"SparsePauliOp(['XIZZ', 'YIXX', 'XYXX', 'YIYY', 'ZIXZ'],
              coeffs=[ 6.+0.j,  2.+0.j, 10.+0.j,  7.+0.j,  8.+0.j])",(33+0j),0.5940466286320218,-7.999999913783377,2.765873187371426e-06
"SparsePauliOp(['IYZZ', 'ZZYZ', 'IXIX', 'YXYY', 'XIZX'],
              coeffs=[4.+0.j, 2.+0.j, 1.+0.j, 8.+0.j, 6.+0.j])",(21+0j),0.8248352021515746,-0.9999999981926564,-5.994144793053475
"SparsePauliOp(['XXYZ', 'XIYI', 'ZYIZ', 'ZXZZ', 'YZIX'],
              coeffs=[10.+0.j,  2.+0.j,  8.+0.j,  3.+0.j,  7.+0.j])",(30+0j),0.8326144511732437,-2.9999999893180336,0.00043735463630589777
"SparsePauliOp(['YXYX', 'ZXIX', 'YIXX', 'YZYI', 'IZXI'],
              coeffs=[ 2.+0.j, 10.+0.j, 10.+0.j,  5.+0.j, 10.+0.j])",(37+0j),0.8183813517500821,-1.9999999990840274,-17.209314741377217
"SparsePauliOp(['IXYI', 'YIYI', 'YZIX', 'IIZZ', 'XXXY'],
              coeffs=[10.+0.j,  2.+0.j,  7.+0.j,  9.+0.j,  6.+0.j])",(34+0j),0.8427231371442677,-8.999999983931957,0.0003210408994682723
"SparsePauliOp(['XXII', 'YIYX', 'YXZZ', 'IZYI', 'IZII'],
              coeffs=[4.+0.j, 3.+0.j, 2.+0.j, 4.+0.j, 9.+0.j])",(22+0j),-0.006220031479117075,-10.286039411999653,-2.3630703962684585
"SparsePauliOp(['YZXZ', 'ZIIZ', 'ZZXZ', 'YZXY', 'YXIX'],
              coeffs=[8.+0.j, 9.+0.j, 5.+0.j, 3.+0.j, 9.+0.j])",(34+0j),0.7024559333547856,-16.99999993983891,1.8705193838286505e-07
"SparsePauliOp(['XZZZ', 'YXYX', 'IIYI', 'ZIYX', 'YYIZ'],
              coeffs=[ 2.+0.j, 10.+0.j,  4.+0.j,  8.+0.j,  5.+0.j])",(29+0j),0.8115011152546049,-9.999999934516424,-6.9999647122643225
"SparsePauliOp(['IIXZ', 'YXXI', 'IZXX', 'IXYI', 'YZZI'],
              coeffs=[2.+0.j, 5.+0.j, 6.+0.j, 4.+0.j, 5.+0.j])",(22+0j),0.8098297918438123,-1.9999999799591979,-4.324407457539405
"SparsePauliOp(['IXII', 'YYYX', 'XIZX', 'XIXI', 'ZIIY'],
              coeffs=[5.+0.j, 5.+0.j, 8.+0.j, 4.+0.j, 3.+0.j])",(25+0j),0.5855975967355388,-13.944271880090712,2.0903684756490293e-06
"SparsePauliOp(['XXIX', 'YYIY', 'IXXZ', 'YXIY', 'IIYX'],
              coeffs=[4.+0.j, 4.+0.j, 7.+0.j, 6.+0.j, 4.+0.j])",(25+0j),0.8690822250861956,0.0,-12.198519465378443
"SparsePauliOp(['XIYY', 'YIXI', 'YZIY', 'ZXIZ', 'ZXZZ'],
              coeffs=[ 5.+0.j,  4.+0.j,  1.+0.j,  7.+0.j, 10.+0.j])",(27+0j),0.7900508831305434,-11.22497209316877,-6.956991663771639
"SparsePauliOp(['XIZY', 'XIXY', 'ZYIY', 'ZIYX', 'XYZZ'],
              coeffs=[ 2.+0.j,  1.+0.j, 10.+0.j,  6.+0.j,  2.+0.j])",(21+0j),0.5456166075847045,0.0,-9.999999985689742
"SparsePauliOp(['IZXZ', 'XXXX', 'ZIXZ', 'ZZYX', 'YIXY'],
              coeffs=[2.+0.j, 6.+0.j, 5.+0.j, 4.+0.j, 8.+0.j])",(25+0j),-0.6561130861689521,-8.400243848944498,-10.845967206889796
"SparsePauliOp(['IZYI', 'IXIX', 'ZXII', 'YYYY', 'IZXX'],
              coeffs=[ 1.+0.j, 10.+0.j,  4.+0.j,  4.+0.j,  6.+0.j])",(25+0j),0.7924426761654477,-7.999999983835987,-10.971483891863574
"SparsePauliOp(['XYXI', 'IXIZ', 'ZXZZ', 'XIYZ', 'YYII'],
              coeffs=[2.+0.j, 3.+0.j, 5.+0.j, 2.+0.j, 8.+0.j])",(20+0j),0.7469192005754776,-4.999999982746964,-2.99999727014381
"SparsePauliOp(['ZZXI', 'YXZY', 'XIIY', 'YIZY', 'IZZX'],
              coeffs=[ 7.+0.j,  3.+0.j, 10.+0.j,  9.+0.j,  4.+0.j])",(33+0j),0.8261513657094783,-8.062257695267784,-9.08909409098102
"SparsePauliOp(['IIXX', 'IZIX', 'XZII', 'YZXI', 'XZYI'],
              coeffs=[ 4.+0.j,  3.+0.j, 10.+0.j,  9.+0.j,  2.+0.j])",(28+0j),0.7010468914155467,-9.999999924598663,-6.999999295311005
"SparsePauliOp(['XXIY', 'ZIYZ', 'XXZY', 'IXII', 'XXXY'],
              coeffs=[ 5.+0.j,  2.+0.j, 10.+0.j, 10.+0.j,  7.+0.j])",(34+0j),-0.0004655582647641638,-9.999999971681614,1.8619449093648655e-08
"SparsePauliOp(['ZXZX', 'YZZY', 'ZYXY', 'IIII', 'YYIZ'],
              coeffs=[7.+0.j, 6.+0.j, 8.+0.j, 7.+0.j, 1.+0.j])",(29+0j),0.823476695747621,1.000000041241842,-6.740127272622175
"SparsePauliOp(['XYZX', 'ZXYI', 'ZXXZ', 'YXYX', 'IIZX'],
              coeffs=[ 5.+0.j, 10.+0.j, 10.+0.j,  4.+0.j,  4.+0.j])",(33+0j),0.7848314160169122,-9.999999785816208,-4.466298050021155
"SparsePauliOp(['ZIYZ', 'XXII', 'IXZZ', 'IXZY', 'ZIZZ'],
              coeffs=[3.+0.j, 4.+0.j, 7.+0.j, 5.+0.j, 9.+0.j])",(28+0j),0.8041067568718097,-16.84885767988835,0.00583224887875744
"SparsePauliOp(['ZZYZ', 'YYYY', 'ZZXY', 'IXZI', 'IYXI'],
              coeffs=[ 3.+0.j,  9.+0.j, 10.+0.j,  5.+0.j, 10.+0.j])",(37+0j),0.4841162375966686,-8.999997111808732,-4.999887279434233
"SparsePauliOp(['XZYI', 'XZYI', 'XXYY', 'YYYX', 'ZZYI'],
              coeffs=[10.+0.j,  9.+0.j,  3.+0.j,  9.+0.j,  2.+0.j])",(33+0j),0.8049213222311019,-2.999999994821086,3.158975956285559e-05
"SparsePauliOp(['IYXI', 'XIXX', 'YIZI', 'XXXI', 'YZIZ'],
              coeffs=[ 5.+0.j,  7.+0.j,  2.+0.j, 10.+0.j,  3.+0.j])",(27+0j),0.20298914682254982,-9.999999961509317,-6.999999736813283
"SparsePauliOp(['XXZI', 'ZXIZ', 'ZZIY', 'YXYY', 'XXYY'],
              coeffs=[ 4.+0.j,  6.+0.j,  6.+0.j,  7.+0.j, 10.+0.j])",(33+0j),0.7178062894195616,-15.99999992192759,-0.483242551638142
"SparsePauliOp(['YYYX', 'XYYI', 'ZZXX', 'ZIXI', 'IZXZ'],
              coeffs=[ 1.+0.j, 10.+0.j,  3.+0.j,  7.+0.j, 10.+0.j])",(31+0j),0.49363889089493596,-16.99999991765811,-9.999999167050003
"SparsePauliOp(['ZXYX', 'XIYZ', 'XXZX', 'YYXX', 'YZII'],
              coeffs=[10.+0.j,  4.+0.j,  1.+0.j,  8.+0.j,  5.+0.j])",(28+0j),0.8295765448737585,-7.999999951481276,-0.05760298926496876
"SparsePauliOp(['XXYX', 'XXZI', 'ZZXX', 'IIIZ', 'ZXXI'],
              coeffs=[ 9.+0.j,  4.+0.j,  2.+0.j, 10.+0.j,  9.+0.j])",(34+0j),0.7948167581310159,-9.99999989463394,-9.003325026650897
"SparsePauliOp(['IZIZ', 'YZII', 'YYZZ', 'IYYX', 'XXXZ'],
              coeffs=[ 7.+0.j,  3.+0.j,  2.+0.j, 10.+0.j, 10.+0.j])",(32+0j),0.8138010081872326,-16.999999967291785,-2.7143014324505614
"SparsePauliOp(['YXIX', 'ZZYX', 'IYIX', 'ZXIY', 'ZXIX'],
              coeffs=[8.+0.j, 2.+0.j, 5.+0.j, 9.+0.j, 3.+0.j])",(27+0j),0.28316900997608074,0.0,-2.999999974050956
"SparsePauliOp(['YZXY', 'XIIX', 'YXZI', 'YYZY', 'ZIXY'],
              coeffs=[4.+0.j, 8.+0.j, 5.+0.j, 5.+0.j, 4.+0.j])",(26+0j),0.30852374755085327,-7.999999952851061,-4.000000028657958
"SparsePauliOp(['XXXY', 'YIZI', 'YYYI', 'ZYIZ', 'XXYI'],
              coeffs=[3.+0.j, 2.+0.j, 8.+0.j, 6.+0.j, 1.+0.j])",(20+0j),-0.3741760032521807,0.0,0.0
"SparsePauliOp(['IXZY', 'ZZZX', 'YIIZ', 'ZYYY', 'ZYIY'],
              coeffs=[8.+0.j, 3.+0.j, 7.+0.j, 1.+0.j, 1.+0.j])",(20+0j),0.7611936898356833,-2.99999998457963,-0.9999995355764382
"SparsePauliOp(['ZYYY', 'ZYYX', 'ZXIX', 'XXXX', 'YXYY'],
              coeffs=[ 6.+0.j,  1.+0.j,  6.+0.j,  1.+0.j, 10.+0.j])",(24+0j),0.23029505281884896,-6.082761491232902,-0.08159045725576419
"SparsePauliOp(['XXIX', 'YXIY', 'YIXX', 'YYII', 'IYYX'],
              coeffs=[9.+0.j, 5.+0.j, 9.+0.j, 7.+0.j, 6.+0.j])",(36+0j),0.8066382846259068,-13.999999910073896,0.00959708472808174
"SparsePauliOp(['IIXZ', 'IYXZ', 'YYXX', 'ZIYX', 'ZIYI'],
              coeffs=[5.+0.j, 6.+0.j, 2.+0.j, 1.+0.j, 2.+0.j])",(16+0j),0.7921772054622321,-5.385164784625713,5.5186909635907e-05
"SparsePauliOp(['ZYZI', 'ZIZI', 'IXZY', 'IXXX', 'XXIX'],
              coeffs=[2.+0.j, 6.+0.j, 9.+0.j, 3.+0.j, 9.+0.j])",(29+0j),0.7585940396788878,-12.093386237310693,0.0034752980445027504
"SparsePauliOp(['IIYI', 'YXXX', 'XZIX', 'YZXI', 'IXYX'],
              coeffs=[4.+0.j, 2.+0.j, 8.+0.j, 3.+0.j, 4.+0.j])",(21+0j),0.8595852303985144,0.0,-7.9998137001102005
"SparsePauliOp(['ZIIZ', 'XXYZ', 'IXZX', 'ZXYY', 'YIYX'],
              coeffs=[6.+0.j, 5.+0.j, 2.+0.j, 3.+0.j, 5.+0.j])",(21+0j),0.7698210916122878,-5.999999972259715,-5.92253720522206
"SparsePauliOp(['XYXZ', 'YYZZ', 'ZZIY', 'IXIX', 'IIXY'],
              coeffs=[6.+0.j, 8.+0.j, 4.+0.j, 9.+0.j, 8.+0.j])",(35+0j),0.8267014124598769,-8.999999989559557,-7.997384463271187
"SparsePauliOp(['XXIX', 'ZZXI', 'ZZYZ', 'YIZZ', 'IYZX'],
              coeffs=[5.+0.j, 6.+0.j, 3.+0.j, 8.+0.j, 8.+0.j])",(30+0j),0.4306198203051959,-5.999999949635496,-4.999999645425822
"SparsePauliOp(['ZYXZ', 'XZIZ', 'IYIX', 'IYZZ', 'ZYIY'],
              coeffs=[ 6.+0.j,  8.+0.j,  5.+0.j,  7.+0.j, 10.+0.j])",(36+0j),-1.7984343120999158,-12.806240058505935,-8.310162758817796e-06
"SparsePauliOp(['XZZI', 'IZYY', 'ZZII', 'XZZX', 'ZIIZ'],
              coeffs=[ 9.+0.j,  3.+0.j, 10.+0.j,  4.+0.j,  3.+0.j])",(29+0j),0.7988607850429754,-15.811388130370212,-1.5627123014937965
"SparsePauliOp(['ZZIZ', 'ZZXX', 'YIII', 'XXXI', 'XIZX'],
              coeffs=[3.+0.j, 9.+0.j, 9.+0.j, 9.+0.j, 1.+0.j])",(31+0j),0.8517654261801757,-2.9999999909085764,-15.481225227210274
"SparsePauliOp(['XIYI', 'IZYI', 'XYXY', 'ZXYX', 'IZZY'],
              coeffs=[7.+0.j, 6.+0.j, 4.+0.j, 8.+0.j, 3.+0.j])",(28+0j),0.8139701645330907,-3.9999999665726818,1.324257824730779e-06
"SparsePauliOp(['YXXX', 'XZYI', 'IZIX', 'XIXX', 'IXXX'],
              coeffs=[ 5.+0.j, 10.+0.j,  3.+0.j,  4.+0.j,  8.+0.j])",(30+0j),0.8030716803505713,-11.999999949987506,-0.5429991249379906
"SparsePauliOp(['XIXX', 'XIXI', 'IYXI', 'ZYZX', 'ZZIX'],
              coeffs=[ 7.+0.j,  1.+0.j,  8.+0.j,  4.+0.j, 10.+0.j])",(30+0j),0.6716706612222967,-12.267432216516227,-0.5262883828078184
"SparsePauliOp(['YIZI', 'YYZZ', 'IZXZ', 'ZXIX', 'YYIY'],
              coeffs=[5.+0.j, 6.+0.j, 9.+0.j, 4.+0.j, 9.+0.j])",(33+0j),0.08896612709095822,-12.999999953276468,4.2975301539627253e-07
"SparsePauliOp(['YZYI', 'IIXZ', 'IXZI', 'ZZYY', 'YYIX'],
              coeffs=[ 4.+0.j, 10.+0.j,  5.+0.j,  7.+0.j,  4.+0.j])",(30+0j),0.15870186380893897,-12.097349966332477,-7.05574016980562
"SparsePauliOp(['ZIYZ', 'YYZY', 'IIII', 'XIYZ', 'ZZYI'],
              coeffs=[6.+0.j, 8.+0.j, 6.+0.j, 8.+0.j, 2.+0.j])",(30+0j),-0.2172884843618718,5.999999999999998,8.881784197001252e-16
"SparsePauliOp(['XIIZ', 'ZIXY', 'XZYI', 'YZXX', 'XIZX'],
              coeffs=[8.+0.j, 3.+0.j, 8.+0.j, 1.+0.j, 7.+0.j])",(27+0j),0.7927828836737069,-7.999999943251405,-2.6279191574205445
"SparsePauliOp(['ZZIY', 'IXYX', 'YXZX', 'YZIY', 'ZYIY'],
              coeffs=[ 8.+0.j, 10.+0.j,  9.+0.j,  7.+0.j,  2.+0.j])",(36+0j),0.6336489120199712,0.0,-8.999999914566763
"SparsePauliOp(['XYZI', 'YYXZ', 'IZZZ', 'ZIXZ', 'IZIX'],
              coeffs=[ 2.+0.j,  3.+0.j, 10.+0.j,  3.+0.j,  4.+0.j])",(22+0j),0.5698030904923989,-10.440306193230999,-3.650445173735129
"SparsePauliOp(['XZXY', 'YYXX', 'XZIZ', 'ZZZI', 'ZZYY'],
              coeffs=[10.+0.j,  4.+0.j,  6.+0.j,  6.+0.j,  3.+0.j])",(29+0j),0.7058009604148276,-8.485281315673783,-3.3581390917602736
"SparsePauliOp(['XYZZ', 'ZYZX', 'XXYX', 'YXII', 'YIYY'],
              coeffs=[6.+0.j, 1.+0.j, 4.+0.j, 3.+0.j, 1.+0.j])",(15+0j),-0.27157985970044146,0.0,0.0
"SparsePauliOp(['YIZX', 'ZIXY', 'YXXI', 'IXYZ', 'YIYY'],
              coeffs=[ 1.+0.j, 10.+0.j,  6.+0.j,  7.+0.j,  3.+0.j])",(27+0j),-0.341789946002485,0.0,0.0
"SparsePauliOp(['IXYI', 'ZIIZ', 'XYZX', 'IXYZ', 'YXZX'],
              coeffs=[ 7.+0.j,  6.+0.j,  3.+0.j, 10.+0.j,  7.+0.j])",(33+0j),0.510792445995319,-5.999999975418439,1.7647087968697406e-07
"SparsePauliOp(['XIYZ', 'ZZZY', 'IIZY', 'IYXZ', 'XIYZ'],
              coeffs=[3.+0.j, 9.+0.j, 8.+0.j, 1.+0.j, 6.+0.j])",(27+0j),-0.3941206284845413,0.0,0.0
"SparsePauliOp(['IXXZ', 'ZXIZ', 'XZZI', 'XYYY', 'YXXY'],
              coeffs=[6.+0.j, 5.+0.j, 5.+0.j, 9.+0.j, 3.+0.j])",(28+0j),0.13797518320233512,-16.401754160369318,0.21920273239489063
"SparsePauliOp(['ZZIZ', 'XXYI', 'YYYX', 'XIXX', 'YXZZ'],
              coeffs=[2.+0.j, 2.+0.j, 3.+0.j, 7.+0.j, 6.+0.j])",(20+0j),0.7503233736914412,-8.999999926797638,0.000670276482868104
"SparsePauliOp(['IZII', 'ZYXI', 'YYII', 'YXXZ', 'YIYY'],
              coeffs=[10.+0.j,  6.+0.j,  8.+0.j,  6.+0.j,  2.+0.j])",(32+0j),-0.5403729521434102,-9.99999965506214,4.27340921760333e-07
"SparsePauliOp(['YYYY', 'YYYZ', 'IZYI', 'ZXYI', 'YIII'],
              coeffs=[10.+0.j,  4.+0.j,  5.+0.j,  1.+0.j,  1.+0.j])",(21+0j),0.8215284992646965,-9.999999964141974,1.3526131365182437e-05
"SparsePauliOp(['XYZX', 'XYIY', 'XYZX', 'YIIY', 'YZII'],
              coeffs=[1.+0.j, 3.+0.j, 1.+0.j, 6.+0.j, 3.+0.j])",(14+0j),0.05640173669505932,-5.999999978385499,-0.7082038749507715
"SparsePauliOp(['IXIZ', 'IIIY', 'IIZZ', 'XXIX', 'IZXI'],
              coeffs=[8.+0.j, 8.+0.j, 3.+0.j, 4.+0.j, 4.+0.j])",(27+0j),0.7824357907677596,-11.090536427206548,-0.609258604462239
"SparsePauliOp(['IIYX', 'XZXX', 'ZYIX', 'YIII', 'ZIYY'],
              coeffs=[10.+0.j,  3.+0.j,  8.+0.j,  2.+0.j,  5.+0.j])",(28+0j),0.7833954051387285,-4.999999931816413,-0.8306074097527736
"SparsePauliOp(['YIYZ', 'YZXZ', 'YYZY', 'YYYY', 'IYYY'],
              coeffs=[3.+0.j, 8.+0.j, 3.+0.j, 1.+0.j, 6.+0.j])",(21+0j),0.7678175456012517,-0.9999999897253598,-2.1622769915685045
"SparsePauliOp(['XZZZ', 'XIYZ', 'ZYYZ', 'IXXZ', 'YIIZ'],
              coeffs=[2.+0.j, 8.+0.j, 8.+0.j, 7.+0.j, 5.+0.j])",(30+0j),0.883825688008339,0.0,-15.24383710328135
"SparsePauliOp(['YZZX', 'IIZY', 'IZXY', 'YXIY', 'YXXZ'],
              coeffs=[3.+0.j, 7.+0.j, 4.+0.j, 9.+0.j, 2.+0.j])",(25+0j),0.15746059919336308,-8.999999972626142,4.48786714457583e-08
"SparsePauliOp(['XYIY', 'XYII', 'YIYY', 'IXYY', 'YXYX'],
              coeffs=[ 5.+0.j,  2.+0.j,  2.+0.j,  5.+0.j, 10.+0.j])",(24+0j),0.38827825466994165,-12.247432923502632,-1.2525961384568518e-05
"SparsePauliOp(['ZIZX', 'XYZX', 'IXZI', 'YYIZ', 'YIIZ'],
              coeffs=[ 7.+0.j, 10.+0.j,  5.+0.j,  7.+0.j,  9.+0.j])",(38+0j),-0.02370287343900362,-6.999999984726873,-8.602324594036034
"SparsePauliOp(['XYYI', 'ZZZZ', 'ZZZI', 'XZYZ', 'YXXY'],
              coeffs=[10.+0.j,  5.+0.j,  7.+0.j,  1.+0.j,  5.+0.j])",(28+0j),0.8118975900958717,-13.60232520963568,-3.150890110231849
"SparsePauliOp(['YXIZ', 'ZZIZ', 'ZYIZ', 'IXZX', 'YIZI'],
              coeffs=[ 7.+0.j,  3.+0.j, 10.+0.j,  2.+0.j,  5.+0.j])",(27+0j),-0.07962065254658852,-4.999999295466666,-5.297319018993107e-07
"SparsePauliOp(['ZIYX', 'YYIZ', 'IYXI', 'ZIIX', 'XYXX'],
              coeffs=[2.+0.j, 5.+0.j, 5.+0.j, 4.+0.j, 5.+0.j])",(21+0j),0.7323352380367331,-3.999999978454803,-4.999995755227344
"SparsePauliOp(['XXZI', 'ZZZY', 'XIXZ', 'ZZZZ', 'XYXY'],
              coeffs=[10.+0.j,  5.+0.j,  4.+0.j,  4.+0.j,  7.+0.j])",(30+0j),0.15876484827901144,-11.453473586346945,-10.008830183758008
"SparsePauliOp(['XIYY', 'YZIZ', 'XZYX', 'IXYX', 'XXZI'],
              coeffs=[ 3.+0.j, 10.+0.j,  7.+0.j,  4.+0.j, 10.+0.j])",(34+0j),0.803279401271632,-2.999999980943592,-7.437725820234302
"SparsePauliOp(['ZXZZ', 'IZXY', 'XYIX', 'XYYY', 'ZYXI'],
              coeffs=[1.+0.j, 5.+0.j, 5.+0.j, 8.+0.j, 7.+0.j])",(26+0j),0.8550299636654729,0.0,-0.9998066290079748
"SparsePauliOp(['YYYI', 'ZYIX', 'YXIY', 'IIXI', 'IYYI'],
              coeffs=[9.+0.j, 8.+0.j, 7.+0.j, 6.+0.j, 1.+0.j])",(31+0j),0.7986059972045132,-12.999999976560366,6.000791038651698e-05
"SparsePauliOp(['XYZI', 'ZXZX', 'YZII', 'YIXI', 'IYYX'],
              coeffs=[ 1.+0.j, 10.+0.j,  7.+0.j,  2.+0.j,  3.+0.j])",(23+0j),0.6217780934681287,-2.999999992109626,-9.999999002690664
"SparsePauliOp(['IZYY', 'YZXX', 'ZYYZ', 'IZXZ', 'IYYX'],
              coeffs=[8.+0.j, 8.+0.j, 3.+0.j, 5.+0.j, 4.+0.j])",(28+0j),0.5949055667055894,-6.403124156552117,-10.54114597902344
"SparsePauliOp(['IYYZ', 'IZYZ', 'YIIX', 'XXYY', 'YYXZ'],
              coeffs=[8.+0.j, 3.+0.j, 7.+0.j, 4.+0.j, 3.+0.j])",(25+0j),0.8351394264117035,-3.9999999797747385,-8.543946069075172
"SparsePauliOp(['IYZI', 'YXYX', 'IZZY', 'ZZXX', 'YYZZ'],
              coeffs=[ 2.+0.j,  8.+0.j, 10.+0.j,  5.+0.j,  7.+0.j])",(32+0j),0.823784183390898,-7.999999955624453,-1.4321611261403469
"SparsePauliOp(['ZYXZ', 'IXZX', 'IZXZ', 'YXXX', 'ZYII'],
              coeffs=[6.+0.j, 6.+0.j, 1.+0.j, 9.+0.j, 9.+0.j])",(31+0j),-1.3203022045326036,-6.08276198402272,-5.413851562607874e-07
"SparsePauliOp(['ZYYY', 'XIXX', 'XIYX', 'YZZI', 'XYZI'],
              coeffs=[10.+0.j,  8.+0.j,  5.+0.j,  9.+0.j,  3.+0.j])",(35+0j),0.7250721958994307,-7.999999219552894,0.001334570041148453
"SparsePauliOp(['YXXZ', 'YYII', 'XZZZ', 'YYXY', 'XIYX'],
              coeffs=[9.+0.j, 4.+0.j, 4.+0.j, 7.+0.j, 1.+0.j])",(25+0j),0.7793616432190176,0.0,-3.9999995205876475
"SparsePauliOp(['YIYZ', 'YYIX', 'IXXY', 'IZYI', 'XYIY'],
              coeffs=[1.+0.j, 4.+0.j, 8.+0.j, 8.+0.j, 6.+0.j])",(27+0j),0.7922456573526792,-9.999999933815328,-0.057539559526784245
"SparsePauliOp(['YIYZ', 'XZYZ', 'XXXZ', 'IZXI', 'XIIX'],
              coeffs=[6.+0.j, 1.+0.j, 9.+0.j, 9.+0.j, 3.+0.j])",(28+0j),0.7594672011332598,-11.999999832069763,-6.248230807290364
"SparsePauliOp(['YYYX', 'YYIY', 'IYYY', 'IXZX', 'YXYX'],
              coeffs=[7.+0.j, 5.+0.j, 5.+0.j, 8.+0.j, 1.+0.j])",(26+0j),0.822833903424486,-0.9999999959634543,-7.062205910850906
"SparsePauliOp(['XIYX', 'XYXY', 'IIXI', 'XZXI', 'XIZZ'],
              coeffs=[3.+0.j, 7.+0.j, 3.+0.j, 7.+0.j, 2.+0.j])",(22+0j),0.7467144756077404,-11.750900450034129,-1.4696244155010678
"SparsePauliOp(['XZZY', 'YYYX', 'ZYXI', 'YYZX', 'XYZY'],
              coeffs=[10.+0.j, 10.+0.j,  5.+0.j,  7.+0.j,  3.+0.j])",(35+0j),0.6255328851455458,0.0,-9.999999962346857
"SparsePauliOp(['XZZX', 'IYYX', 'ZXZY', 'IYII', 'XZXZ'],
              coeffs=[7.+0.j, 8.+0.j, 1.+0.j, 3.+0.j, 1.+0.j])",(20+0j),0.336668090950995,-7.999999982373757,-7.062257507430563
"SparsePauliOp(['ZIII', 'YXZX', 'XXYY', 'XXXY', 'YIXY'],
              coeffs=[6.+0.j, 7.+0.j, 6.+0.j, 4.+0.j, 8.+0.j])",(31+0j),0.8043996878058773,-15.23154615100813,0.012468969577122735
"SparsePauliOp(['IXZZ', 'XIYI', 'XYZY', 'IXYI', 'YZYY'],
              coeffs=[10.+0.j,  1.+0.j,  1.+0.j,  1.+0.j,  2.+0.j])",(15+0j),0.8165811443570863,-10.000004165224953,-0.9997518180003215
"SparsePauliOp(['YIIY', 'IYZY', 'IZYI', 'XYXX', 'IYYX'],
              coeffs=[10.+0.j,  9.+0.j,  8.+0.j, 10.+0.j,  3.+0.j])",(40+0j),0.3127150862964729,-10.440306085840872,-8.99999954883983
"SparsePauliOp(['IIXZ', 'IZII', 'XZIZ', 'ZYIZ', 'ZXIZ'],
              coeffs=[ 3.+0.j,  9.+0.j,  9.+0.j,  6.+0.j, 10.+0.j])",(37+0j),0.7487430916762717,-17.999999374424466,-2.9942031213136318
"SparsePauliOp(['ZIYI', 'YZXY', 'ZIXX', 'IIZI', 'ZYZX'],
              coeffs=[8.+0.j, 1.+0.j, 9.+0.j, 5.+0.j, 5.+0.j])",(28+0j),0.5993202819476572,-10.295630087118461,-0.8832615064301237
"SparsePauliOp(['XIYZ', 'ZZYY', 'ZYZY', 'XIIX', 'YZZY'],
              coeffs=[1.+0.j, 1.+0.j, 3.+0.j, 4.+0.j, 3.+0.j])",(12+0j),0.7890632033214098,-3.999999982009608,-6.999563863944132
"SparsePauliOp(['XYIZ', 'YYYY', 'IXZZ', 'IYYY', 'YYZZ'],
              coeffs=[4.+0.j, 1.+0.j, 3.+0.j, 9.+0.j, 6.+0.j])",(23+0j),0.7493478628862665,-3.162277629615539,0.00047008856797914333
"SparsePauliOp(['ZZZZ', 'YYIZ', 'ZIXI', 'IZIY', 'IXXY'],
              coeffs=[8.+0.j, 4.+0.j, 7.+0.j, 4.+0.j, 8.+0.j])",(31+0j),0.845564701524626,-7.999999983156387,-3.3103555301262713
"SparsePauliOp(['XYII', 'ZIIZ', 'YYZY', 'XXYZ', 'IYXY'],
              coeffs=[ 3.+0.j, 10.+0.j,  5.+0.j,  6.+0.j,  6.+0.j])",(30+0j),0.6443363968690401,-11.661903597966425,4.5436969919876447e-07
"SparsePauliOp(['XZYX', 'XZYY', 'YIYX', 'XYXI', 'IZYY'],
              coeffs=[2.+0.j, 8.+0.j, 4.+0.j, 8.+0.j, 3.+0.j])",(25+0j),0.7437931202978483,-3.999999970711344,-8.999994201897309
"SparsePauliOp(['IIYX', 'XIYY', 'YXZZ', 'XXXX', 'YXXI'],
              coeffs=[3.+0.j, 4.+0.j, 5.+0.j, 4.+0.j, 7.+0.j])",(23+0j),0.12383010345164376,-7.99999987086874,0.0008530467269824982
"SparsePauliOp(['ZIII', 'ZZIZ', 'IXZI', 'IIIX', 'IIIX'],
              coeffs=[3.+0.j, 5.+0.j, 8.+0.j, 2.+0.j, 9.+0.j])",(27+0j),0.7946162599065298,-15.99999985167661,-6.644249204843051
"SparsePauliOp(['ZYXX', 'XIIZ', 'ZZXZ', 'XZIY', 'IXYZ'],
              coeffs=[5.+0.j, 3.+0.j, 4.+0.j, 5.+0.j, 4.+0.j])",(21+0j),0.8350326503690807,-2.9999999913820448,-1.9996161667546035
"SparsePauliOp(['XXZY', 'YYZZ', 'XZXZ', 'XZYX', 'ZYXZ'],
              coeffs=[2.+0.j, 5.+0.j, 7.+0.j, 9.+0.j, 4.+0.j])",(27+0j),0.7980792874272422,-6.999999950910203,1.0233822524519098e-05
"SparsePauliOp(['YZXY', 'IIZY', 'YZXI', 'ZZYZ', 'YYXX'],
              coeffs=[9.+0.j, 6.+0.j, 9.+0.j, 9.+0.j, 2.+0.j])",(35+0j),0.7577333440281465,-1.9999999841408256,-8.999999348138488
"SparsePauliOp(['YYZZ', 'ZXZZ', 'IXYY', 'IZIZ', 'YXIX'],
              coeffs=[9.+0.j, 2.+0.j, 5.+0.j, 9.+0.j, 2.+0.j])",(27+0j),0.09397841019748587,-10.355323345127907,-3.8641921271535686
"SparsePauliOp(['ZIIZ', 'IYZI', 'YZYI', 'ZZZX', 'XZIX'],
              coeffs=[6.+0.j, 8.+0.j, 9.+0.j, 6.+0.j, 8.+0.j])",(37+0j),0.6762541139025101,-5.999999984195948,-14.517318271902585
"SparsePauliOp(['IIII', 'ZZIX', 'XIYX', 'XZYY', 'IXYZ'],
              coeffs=[10.+0.j,  3.+0.j,  6.+0.j, 10.+0.j, 10.+0.j])",(39+0j),0.8047446074237091,4.141037557303662e-08,-2.9999982775101888
"SparsePauliOp(['YZXZ', 'IYYY', 'YZZZ', 'YZZZ', 'XZII'],
              coeffs=[6.+0.j, 8.+0.j, 3.+0.j, 7.+0.j, 3.+0.j])",(27+0j),0.5553422888327368,-2.9999999465593654,1.5298815769781982e-07
"SparsePauliOp(['ZXYZ', 'YYII', 'IYZY', 'YZXX', 'ZZXY'],
              coeffs=[8.+0.j, 9.+0.j, 6.+0.j, 6.+0.j, 1.+0.j])",(30+0j),0.19097134051246395,-5.999999989219362,1.4702106732045195e-07
"SparsePauliOp(['ZYYX', 'XIZZ', 'XIXI', 'IXXI', 'ZIYZ'],
              coeffs=[10.+0.j,  6.+0.j,  8.+0.j,  6.+0.j,  5.+0.j])",(35+0j),0.3576393042771277,-16.18623742481411,-8.552312529425834
"SparsePauliOp(['XZXX', 'ZZIY', 'XZZY', 'XIZI', 'IXZI'],
              coeffs=[8.+0.j, 7.+0.j, 3.+0.j, 7.+0.j, 7.+0.j])",(32+0j),0.6041709298994311,-17.63014570315235,9.20609096510816e-07
"SparsePauliOp(['XYXZ', 'XIIX', 'ZIZY', 'IXIX', 'IXYX'],
              coeffs=[ 9.+0.j, 10.+0.j,  1.+0.j, 10.+0.j,  6.+0.j])",(36+0j),0.8118063959860828,-19.99999991992301,0.01045413805205797
"SparsePauliOp(['XIXY', 'ZIZX', 'IIZY', 'ZXXY', 'YZYX'],
              coeffs=[1.+0.j, 7.+0.j, 1.+0.j, 4.+0.j, 5.+0.j])",(18+0j),0.6089095685672913,0.0,-11.99999953167828
"SparsePauliOp(['ZIII', 'XYYY', 'IIXY', 'XYYZ', 'IZYZ'],
              coeffs=[3.+0.j, 4.+0.j, 2.+0.j, 6.+0.j, 9.+0.j])",(24+0j),0.4797701206349576,-2.9999999899226206,-3.7082038098883534
"SparsePauliOp(['YXXI', 'YZZZ', 'YZYX', 'YXZZ', 'YYIY'],
              coeffs=[10.+0.j,  2.+0.j,  7.+0.j,  6.+0.j, 10.+0.j])",(35+0j),0.18053543782224774,-6.999999941998024,-1.0722088994441492e-08
"SparsePauliOp(['YIZI', 'XYZI', 'YIYX', 'IXXZ', 'YXZZ'],
              coeffs=[ 3.+0.j,  9.+0.j,  4.+0.j, 10.+0.j,  9.+0.j])",(35+0j),0.7967948404016619,-13.99999990174161,0.011518944636723205
"SparsePauliOp(['YIXY', 'XYXX', 'XIIX', 'ZYYZ', 'ZIXY'],
              coeffs=[5.+0.j, 6.+0.j, 2.+0.j, 2.+0.j, 3.+0.j])",(18+0j),0.7922940047378022,-6.999999949144463,1.6327721999331857e-05
"SparsePauliOp(['YIZY', 'ZXII', 'IIZX', 'XYIY', 'ZIIX'],
              coeffs=[1.+0.j, 4.+0.j, 1.+0.j, 8.+0.j, 1.+0.j])",(15+0j),0.830028551241545,-3.999999989190802,-8.195431851240716
"SparsePauliOp(['XXZZ', 'IXXY', 'ZIXI', 'XZIZ', 'XXIZ'],
              coeffs=[ 9.+0.j,  4.+0.j,  9.+0.j,  2.+0.j, 10.+0.j])",(34+0j),0.7401496189870302,-19.104973074254904,0.0005076951209268543
"SparsePauliOp(['YIYY', 'XZZZ', 'ZXXX', 'XIYI', 'YZXZ'],
              coeffs=[ 9.+0.j, 10.+0.j,  4.+0.j,  4.+0.j,  1.+0.j])",(28+0j),0.8836218674478177,-1.5612511283791264e-16,-13.99790996599468
"SparsePauliOp(['XIIY', 'YYXI', 'IXIX', 'IXXY', 'YXYX'],
              coeffs=[4.+0.j, 2.+0.j, 8.+0.j, 2.+0.j, 8.+0.j])",(24+0j),0.5040720982108038,-7.999999951012567,1.1703305524690677e-07
"SparsePauliOp(['XYXX', 'YIZY', 'ZIII', 'IXYX', 'ZYXY'],
              coeffs=[ 2.+0.j,  7.+0.j, 10.+0.j, 10.+0.j,  8.+0.j])",(37+0j),0.7588503023202218,-12.206555536969098,-7.999998917449695
"SparsePauliOp(['IIYX', 'YYYX', 'ZZXI', 'XYXX', 'YXII'],
              coeffs=[ 1.+0.j, 10.+0.j, 10.+0.j,  9.+0.j,  5.+0.j])",(35+0j),0.804114942575153,-9.999999961112715,0.0011316291242362553
"SparsePauliOp(['YZZZ', 'XIIZ', 'IZZI', 'XYZZ', 'YIXI'],
              coeffs=[9.+0.j, 1.+0.j, 2.+0.j, 2.+0.j, 3.+0.j])",(17+0j),0.7899870413254236,-2.9999999849628782,4.5417991913154765e-05
"SparsePauliOp(['ZZXY', 'IZYZ', 'IXYZ', 'IZXI', 'YZZY'],
              coeffs=[ 5.+0.j, 10.+0.j,  1.+0.j,  8.+0.j,  5.+0.j])",(29+0j),0.4690959672666513,0.0,-9.433981068149917
"SparsePauliOp(['XYYZ', 'YYXI', 'IXXX', 'YYIY', 'XXZZ'],
              coeffs=[10.+0.j, 10.+0.j, 10.+0.j,  5.+0.j,  3.+0.j])",(38+0j),0.7818146004205611,-14.487584556392184,-8.359804664110198
"SparsePauliOp(['YYII', 'XYXY', 'ZIZY', 'XXXY', 'XYIY'],
              coeffs=[ 6.+0.j,  9.+0.j, 10.+0.j,  1.+0.j,  4.+0.j])",(30+0j),0.5203902248534739,-8.99999994203812,-3.9999992394112702
"SparsePauliOp(['XYXI', 'IIIX', 'YZIX', 'YXXY', 'XYIY'],
              coeffs=[7.+0.j, 9.+0.j, 9.+0.j, 2.+0.j, 6.+0.j])",(33+0j),0.7759071255400829,-8.999999973435822,-3.0390753258013827
"SparsePauliOp(['YZIY', 'IYIX', 'ZYIZ', 'ZZXI', 'IYIY'],
              coeffs=[4.+0.j, 4.+0.j, 3.+0.j, 6.+0.j, 8.+0.j])",(25+0j),-0.029024125324526237,-9.99999996292846,-0.7703295235525154
"SparsePauliOp(['XYXZ', 'ZXIY', 'XIXY', 'ZYXI', 'YXZX'],
              coeffs=[1.+0.j, 3.+0.j, 5.+0.j, 7.+0.j, 2.+0.j])",(18+0j),-0.4419249402766099,0.0,0.0
"SparsePauliOp(['YZXY', 'IYIY', 'ZXIZ', 'ZXZY', 'IZXI'],
              coeffs=[4.+0.j, 9.+0.j, 5.+0.j, 7.+0.j, 1.+0.j])",(26+0j),0.1819915631123241,-9.055385058190721,-5.54193036181603
"SparsePauliOp(['ZZIY', 'ZIIY', 'YZII', 'YYXZ', 'ZZYI'],
              coeffs=[9.+0.j, 7.+0.j, 7.+0.j, 7.+0.j, 9.+0.j])",(39+0j),0.9023506137282585,0.0,-6.999948055215955
"SparsePauliOp(['XZYI', 'ZIZY', 'IZZX', 'YXYI', 'IZXI'],
              coeffs=[ 4.+0.j,  5.+0.j, 10.+0.j,  4.+0.j,  7.+0.j])",(30+0j),0.8159582024403955,-6.999999963572203,-9.200336262718519
"SparsePauliOp(['YZYI', 'IYYZ', 'ZYII', 'IIXZ', 'YZYX'],
              coeffs=[5.+0.j, 1.+0.j, 4.+0.j, 5.+0.j, 7.+0.j])",(22+0j),0.8253833447320671,-11.999999967022582,-2.1319569039618003
"SparsePauliOp(['YIYX', 'YZXI', 'ZXXY', 'IYZY', 'YYYI'],
              coeffs=[ 4.+0.j,  3.+0.j,  7.+0.j, 10.+0.j, 10.+0.j])",(34+0j),0.21844811552729873,-13.999999892904677,-1.6023074422832906e-08
"SparsePauliOp(['XYZY', 'ZIII', 'YIYZ', 'IXYX', 'IYZI'],
              coeffs=[ 9.+0.j, 10.+0.j,  1.+0.j,  8.+0.j,  8.+0.j])",(36+0j),0.15343598972316164,-13.490737492628195,0.002854507295172226
"SparsePauliOp(['XIZY', 'IXXY', 'IIXY', 'IIYI', 'ZZXY'],
              coeffs=[ 5.+0.j, 10.+0.j,  7.+0.j, 10.+0.j,  2.+0.j])",(34+0j),-0.36148697073072844,0.0,0.0
"SparsePauliOp(['XXXY', 'ZZYZ', 'YZZI', 'YYIZ', 'IIZY'],
              coeffs=[ 2.+0.j,  3.+0.j, 10.+0.j,  7.+0.j,  2.+0.j])",(24+0j),0.5548963784508351,0.0,-6.999999880575626
"SparsePauliOp(['YZYZ', 'YZZX', 'YXXX', 'ZZIY', 'YIYX'],
              coeffs=[4.+0.j, 1.+0.j, 1.+0.j, 6.+0.j, 8.+0.j])",(20+0j),0.7565804958999234,-7.999999973240845,-0.9442686866678951
"SparsePauliOp(['ZIZY', 'ZIIZ', 'IYXY', 'YXYZ', 'IYII'],
              coeffs=[6.+0.j, 8.+0.j, 9.+0.j, 1.+0.j, 7.+0.j])",(31+0j),0.8245206418320628,-12.041594546774009,-0.04144928386603297
"SparsePauliOp(['YYIY', 'ZXXY', 'ZXYZ', 'ZIXX', 'IXIZ'],
              coeffs=[2.+0.j, 7.+0.j, 8.+0.j, 8.+0.j, 9.+0.j])",(34+0j),0.43861035530620035,-8.99999996234412,-3.0415935717842935
"SparsePauliOp(['XYYI', 'XXYZ', 'XYXZ', 'IIZY', 'YZII'],
              coeffs=[ 5.+0.j,  4.+0.j,  1.+0.j,  3.+0.j, 10.+0.j])",(23+0j),0.09234904618155974,0.0,0.0
"SparsePauliOp(['ZIIX', 'IXYX', 'YIZI', 'IZZZ', 'YXYY'],
              coeffs=[ 5.+0.j,  4.+0.j,  5.+0.j,  1.+0.j, 10.+0.j])",(25+0j),0.637388489075906,-5.099019162979628,0.00017788650549643847
"SparsePauliOp(['ZIYZ', 'ZXXX', 'IYII', 'YIXY', 'IIYX'],
              coeffs=[9.+0.j, 8.+0.j, 9.+0.j, 3.+0.j, 5.+0.j])",(34+0j),0.5880056950588064,-2.999999977985306,-7.999999658087596
"SparsePauliOp(['IZXI', 'YXYY', 'XYYZ', 'ZYZI', 'YIYX'],
              coeffs=[8.+0.j, 1.+0.j, 5.+0.j, 9.+0.j, 8.+0.j])",(31+0j),-0.06810986330394478,-12.999999924531432,-3.313707286098831
"SparsePauliOp(['YZZX', 'XXZZ', 'YYXY', 'YXXY', 'XXIY'],
              coeffs=[ 5.+0.j,  7.+0.j, 10.+0.j,  8.+0.j,  2.+0.j])",(32+0j),0.799891018730762,-10.630145737260088,0.00013409751147541726
"SparsePauliOp(['YYXY', 'YZXX', 'XYZZ', 'ZIII', 'XYYX'],
              coeffs=[8.+0.j, 9.+0.j, 2.+0.j, 1.+0.j, 7.+0.j])",(27+0j),0.8096584406008254,-7.071067790572357,2.3391315431275927e-05
"SparsePauliOp(['ZXYX', 'ZXYZ', 'ZYZZ', 'XIXX', 'IZYZ'],
              coeffs=[10.+0.j,  3.+0.j,  6.+0.j,  1.+0.j,  3.+0.j])",(23+0j),0.7278863329062782,-0.9999999024441117,0.0001668212551435566
"SparsePauliOp(['ZIYI', 'ZYYX', 'IIXY', 'ZYIY', 'XYXI'],
              coeffs=[8.+0.j, 6.+0.j, 4.+0.j, 7.+0.j, 4.+0.j])",(29+0j),0.5836731039308377,-6.999999976029088,-2.2195442627330983
"SparsePauliOp(['XIII', 'XIIY', 'XZXI', 'YZXZ', 'YIII'],
              coeffs=[8.+0.j, 7.+0.j, 2.+0.j, 2.+0.j, 4.+0.j])",(23+0j),0.47020717950484786,-9.999999978220938,3.2910019598375584e-08
"SparsePauliOp(['XIXY', 'XZIX', 'XYYY', 'YIXX', 'YYYX'],
              coeffs=[ 3.+0.j, 10.+0.j,  1.+0.j,  3.+0.j,  1.+0.j])",(18+0j),0.866415692420826,3.469446951953614e-17,-9.99912230095682
"SparsePauliOp(['ZXYI', 'YIYY', 'XYYY', 'ZYXI', 'XZZZ'],
              coeffs=[8.+0.j, 2.+0.j, 7.+0.j, 1.+0.j, 8.+0.j])",(26+0j),0.788183465596706,0.0,-7.999999229903855
"SparsePauliOp(['ZIZY', 'IIZI', 'XXYY', 'YYIZ', 'ZXZX'],
              coeffs=[3.+0.j, 5.+0.j, 2.+0.j, 6.+0.j, 5.+0.j])",(21+0j),0.7237715426278728,-5.385164686427893,-4.823332752368088
"SparsePauliOp(['ZZXY', 'YIIX', 'ZIIY', 'ZYZX', 'ZZZX'],
              coeffs=[7.+0.j, 1.+0.j, 6.+0.j, 7.+0.j, 2.+0.j])",(23+0j),0.36998927714705787,-1.9999999922977056,-3.530097325565862e-09
"SparsePauliOp(['YIII', 'IZZY', 'ZZIZ', 'XXXX', 'ZXIX'],
              coeffs=[5.+0.j, 7.+0.j, 9.+0.j, 3.+0.j, 3.+0.j])",(27+0j),0.3357643002889822,-12.369316327597845,0.021406232900476496
"SparsePauliOp(['XZYI', 'IIYX', 'ZZIZ', 'ZYIX', 'YZYX'],
              coeffs=[2.+0.j, 7.+0.j, 6.+0.j, 6.+0.j, 7.+0.j])",(28+0j),0.48230680258530617,-12.999999963571483,1.885562888048753e-07
"SparsePauliOp(['XZYZ', 'ZYIX', 'ZZZY', 'YYYI', 'XZXY'],
              coeffs=[4.+0.j, 6.+0.j, 1.+0.j, 3.+0.j, 2.+0.j])",(16+0j),-0.3692275599209422,0.0,0.0
"SparsePauliOp(['IZYI', 'IXXI', 'IXZX', 'YZZY', 'YYZY'],
              coeffs=[2.+0.j, 7.+0.j, 6.+0.j, 5.+0.j, 7.+0.j])",(27+0j),0.7821114100843974,-9.219544424933002,-2.7800960161751505
"SparsePauliOp(['XYXX', 'XIZY', 'ZYXZ', 'YYZZ', 'YXXY'],
              coeffs=[ 7.+0.j,  2.+0.j,  6.+0.j, 10.+0.j,  4.+0.j])",(29+0j),0.4974994029418328,-3.9999999653380076,-6.770329364003134
"SparsePauliOp(['ZYZI', 'XZXZ', 'ZIZX', 'ZYXI', 'ZXIZ'],
              coeffs=[8.+0.j, 6.+0.j, 3.+0.j, 3.+0.j, 6.+0.j])",(26+0j),0.7697926903002967,-6.708203813700455,-5.661112435738306
"SparsePauliOp(['IZZI', 'XYXI', 'ZXIX', 'YZXY', 'XZZZ'],
              coeffs=[2.+0.j, 5.+0.j, 5.+0.j, 6.+0.j, 8.+0.j])",(26+0j),0.7583735189149703,-5.385164794647014,-7.288756432098203
"SparsePauliOp(['XIYX', 'ZYXI', 'XIYX', 'ZIYI', 'YIII'],
              coeffs=[ 2.+0.j, 10.+0.j,  7.+0.j,  8.+0.j,  8.+0.j])",(35+0j),-0.4166040921843538,0.0,0.0
"SparsePauliOp(['IIZZ', 'YYZY', 'ZIZY', 'YZZZ', 'IYYY'],
              coeffs=[ 1.+0.j,  3.+0.j,  1.+0.j, 10.+0.j,  7.+0.j])",(22+0j),0.8106116044285709,-0.9999999773356553,3.416577388781761e-07
"SparsePauliOp(['IIIZ', 'IZXY', 'IIYX', 'IZXI', 'XYXZ'],
              coeffs=[8.+0.j, 2.+0.j, 6.+0.j, 4.+0.j, 8.+0.j])",(28+0j),0.8008907195160578,-7.999999940758744,-3.9981466246038453
"SparsePauliOp(['IZXZ', 'IXZY', 'YXYI', 'IIZZ', 'YXZY'],
              coeffs=[6.+0.j, 9.+0.j, 9.+0.j, 5.+0.j, 4.+0.j])",(33+0j),0.3203001650402818,-7.81024960989336,-0.9647147458465071
"SparsePauliOp(['ZIIX', 'YZZI', 'ZIZZ', 'YIZI', 'YYZY'],
              coeffs=[ 5.+0.j, 10.+0.j,  2.+0.j,  7.+0.j,  7.+0.j])",(31+0j),0.00427830237507778,-5.385163180775879,-1.0456561616578597e-06
"SparsePauliOp(['XZZX', 'ZIYY', 'IZIZ', 'XZZY', 'ZIYI'],
              coeffs=[5.+0.j, 4.+0.j, 3.+0.j, 9.+0.j, 2.+0.j])",(23+0j),0.2867131068416545,-7.071067795395916,7.681630620481883e-08
"SparsePauliOp(['YZYI', 'YYXX', 'XIXI', 'XIZI', 'IYIY'],
              coeffs=[3.+0.j, 7.+0.j, 7.+0.j, 8.+0.j, 3.+0.j])",(28+0j),0.6258654821912795,-14.531333040149585,-4.928106957590659
"SparsePauliOp(['ZYZZ', 'IXXI', 'XZYY', 'XXYI', 'YXYZ'],
              coeffs=[10.+0.j,  2.+0.j,  4.+0.j, 10.+0.j,  4.+0.j])",(30+0j),0.6344469037124634,-5.9999999750877855,-0.32455491057029384
"SparsePauliOp(['YZII', 'YIYZ', 'IIYY', 'ZZYI', 'IYXI'],
              coeffs=[ 8.+0.j, 10.+0.j,  6.+0.j,  5.+0.j, 10.+0.j])",(39+0j),0.8031201075570382,-5.999999965859387,-5.6616030725160025
"SparsePauliOp(['IZZI', 'IZIZ', 'IXII', 'IIZI', 'XYZY'],
              coeffs=[ 7.+0.j,  7.+0.j,  6.+0.j,  8.+0.j, 10.+0.j])",(38+0j),0.7788361798955827,-23.231546165651714,-4.890365519483044
"SparsePauliOp(['IIZZ', 'YYZY', 'IIIY', 'YYIZ', 'XIZX'],
              coeffs=[8.+0.j, 5.+0.j, 6.+0.j, 8.+0.j, 2.+0.j])",(29+0j),0.8543416195707823,-7.999999864475255,-7.999319719173728
"SparsePauliOp(['IYZZ', 'XXIX', 'YYIZ', 'IIZZ', 'XXZI'],
              coeffs=[8.+0.j, 2.+0.j, 4.+0.j, 8.+0.j, 1.+0.j])",(23+0j),0.6280076994541679,-11.999999945385488,-1.141084883500838
"SparsePauliOp(['XZIX', 'ZZII', 'IIIY', 'ZXIY', 'ZIYI'],
              coeffs=[4.+0.j, 7.+0.j, 5.+0.j, 7.+0.j, 7.+0.j])",(30+0j),0.5207540997014681,-8.062257714786977,2.359590654421595e-06
"SparsePauliOp(['IIXY', 'YZIX', 'XIYZ', 'YYZY', 'IIXX'],
              coeffs=[ 6.+0.j,  9.+0.j, 10.+0.j, 10.+0.j,  9.+0.j])",(44+0j),0.757966591625185,-8.999999634469708,0.0014657367211068362
"SparsePauliOp(['YXZY', 'ZIYY', 'XZIX', 'YZZI', 'XXIY'],
              coeffs=[5.+0.j, 6.+0.j, 1.+0.j, 3.+0.j, 5.+0.j])",(20+0j),0.5588749156661762,-5.0990191812608465,-5.998145974130029
"SparsePauliOp(['IZXY', 'ZZZZ', 'ZIZI', 'IYXI', 'XIXY'],
              coeffs=[ 2.+0.j, 10.+0.j,  7.+0.j,  1.+0.j,  6.+0.j])",(26+0j),0.1269760643426889,-16.999999922339754,1.5709295908550303e-07
"SparsePauliOp(['ZZXX', 'ZIYY', 'ZZZX', 'IZXI', 'ZIYZ'],
              coeffs=[4.+0.j, 3.+0.j, 1.+0.j, 4.+0.j, 4.+0.j])",(16+0j),0.8154665539402169,-6.9999999649581515,-2.0776203326749787
"SparsePauliOp(['ZIXZ', 'IYZZ', 'ZXII', 'IIYX', 'IIYX'],
              coeffs=[4.+0.j, 6.+0.j, 9.+0.j, 2.+0.j, 1.+0.j])",(22+0j),0.7852447954938518,-12.99999993429942,3.545314642749986e-06
"SparsePauliOp(['IYIY', 'ZIIX', 'YZXX', 'ZYZY', 'ZYYI'],
              coeffs=[ 5.+0.j, 10.+0.j,  1.+0.j,  9.+0.j,  2.+0.j])",(27+0j),0.7504171464016745,-17.204650358184928,0.0001114375153399294
"SparsePauliOp(['YYYZ', 'XIXX', 'YIZZ', 'XZXY', 'IZZI'],
              coeffs=[7.+0.j, 8.+0.j, 5.+0.j, 1.+0.j, 6.+0.j])",(27+0j),0.6015088471931339,-9.999999937259634,1.6121989681039395e-06
"SparsePauliOp(['ZIYZ', 'ZYYX', 'ZIIX', 'ZZII', 'ZXXY'],
              coeffs=[6.+0.j, 8.+0.j, 8.+0.j, 3.+0.j, 9.+0.j])",(34+0j),0.40386404304204526,-10.999999950920936,1.3269296594842217e-07
"SparsePauliOp(['ZYZX', 'YIZY', 'YYXI', 'XZZY', 'XXXX'],
              coeffs=[6.+0.j, 2.+0.j, 6.+0.j, 6.+0.j, 7.+0.j])",(27+0j),0.6249355200281608,-7.280109636331716,-5.869725476636756
"SparsePauliOp(['YYZY', 'IZXX', 'YZYI', 'XXYZ', 'IYXY'],
              coeffs=[ 2.+0.j,  7.+0.j,  6.+0.j,  8.+0.j, 10.+0.j])",(33+0j),0.6589460598993776,-16.999999942641647,-2.219543021292097
"SparsePauliOp(['IXXI', 'ZIYZ', 'ZYZZ', 'YIYY', 'IZXI'],
              coeffs=[10.+0.j,  5.+0.j,  6.+0.j,  6.+0.j,  8.+0.j])",(35+0j),0.5729110962162476,-12.806248388037698,1.855957609819825e-06
"SparsePauliOp(['YIYY', 'YYIY', 'XZYX', 'XIXY', 'YZXY'],
              coeffs=[ 6.+0.j, 10.+0.j,  6.+0.j,  8.+0.j,  3.+0.j])",(33+0j),0.2178261513315469,-2.999999989782082,2.858081593615225e-08
"SparsePauliOp(['ZIYI', 'IZYI', 'YXXI', 'IXZI', 'YIXI'],
              coeffs=[ 7.+0.j,  6.+0.j,  6.+0.j,  9.+0.j, 10.+0.j])",(38+0j),0.6602970579834333,-8.999999959046093,3.668969768000352e-07
"SparsePauliOp(['XXYZ', 'IZXI', 'IIIX', 'IYXY', 'YXZZ'],
              coeffs=[9.+0.j, 5.+0.j, 9.+0.j, 4.+0.j, 9.+0.j])",(36+0j),0.41216089787856386,-4.999999967175452,-5.108536396567489
"SparsePauliOp(['XXXI', 'IXIX', 'XYZI', 'XYYZ', 'IZZI'],
              coeffs=[3.+0.j, 6.+0.j, 6.+0.j, 5.+0.j, 8.+0.j])",(28+0j),0.8040238621826941,-9.999999931868953,-5.289940615405982
"SparsePauliOp(['XZZI', 'XZYZ', 'XZZY', 'YYYX', 'IIXX'],
              coeffs=[4.+0.j, 6.+0.j, 7.+0.j, 8.+0.j, 9.+0.j])",(34+0j),0.7748910144710298,-9.848857774069,0.0010095670303797988
"SparsePauliOp(['YIYX', 'ZZIY', 'ZZZZ', 'IYYI', 'ZIXX'],
              coeffs=[ 9.+0.j,  7.+0.j,  4.+0.j, 10.+0.j,  3.+0.j])",(33+0j),-4.314182431330754,-9.848857743272461,-2.999999980747468
"SparsePauliOp(['ZYYY', 'XIIX', 'YYZI', 'IIIY', 'XXXY'],
              coeffs=[4.+0.j, 7.+0.j, 3.+0.j, 6.+0.j, 7.+0.j])",(27+0j),0.6451629607815548,-6.999999742552007,-0.6153711694828372
"SparsePauliOp(['YYXZ', 'ZIXZ', 'ZIZY', 'YIZI', 'YZZI'],
              coeffs=[8.+0.j, 5.+0.j, 1.+0.j, 5.+0.j, 1.+0.j])",(20+0j),0.35247953175276464,-4.999999958373276,-4.433980928748041
"SparsePauliOp(['YYXY', 'YZIX', 'YYIZ', 'YXIY', 'XXYX'],
              coeffs=[ 3.+0.j, 10.+0.j,  3.+0.j, 10.+0.j,  6.+0.j])",(32+0j),0.8537514932313208,3.7470027081099033e-16,-12.999874643391639
"SparsePauliOp(['XIYZ', 'ZYIX', 'IIXY', 'XYIY', 'YXXI'],
              coeffs=[3.+0.j, 5.+0.j, 1.+0.j, 8.+0.j, 7.+0.j])",(24+0j),0.06408312737542589,-7.999999930462774,-4.9711362137827564e-08
"SparsePauliOp(['YZZZ', 'IIXX', 'YYZY', 'YXZZ', 'IZII'],
              coeffs=[9.+0.j, 3.+0.j, 4.+0.j, 4.+0.j, 7.+0.j])",(27+0j),0.805769552945322,-6.999999981784981,-2.9977171618181337
"SparsePauliOp(['YIXZ', 'ZZZY', 'YZYY', 'IIYI', 'YIZX'],
              coeffs=[ 2.+0.j,  3.+0.j, 10.+0.j,  3.+0.j,  4.+0.j])",(22+0j),-0.39546262861861525,0.0,0.0
"SparsePauliOp(['YXII', 'IYYX', 'XYXX', 'XZII', 'IZZZ'],
              coeffs=[2.+0.j, 3.+0.j, 7.+0.j, 6.+0.j, 1.+0.j])",(19+0j),0.7269309252535995,-7.615772885847633,0.001612013832533954
"SparsePauliOp(['XXZZ', 'XYZI', 'XYIZ', 'IXYZ', 'IIZY'],
              coeffs=[ 2.+0.j,  3.+0.j, 10.+0.j,  6.+0.j,  8.+0.j])",(29+0j),0.49818314452144585,-1.999999984891968,4.999183818021891e-07
"SparsePauliOp(['IZXX', 'YXII', 'ZIYZ', 'XYYZ', 'ZIXZ'],
              coeffs=[3.+0.j, 1.+0.j, 2.+0.j, 8.+0.j, 9.+0.j])",(23+0j),0.4292575068243858,-8.999999955896353,-8.262675800058016
"SparsePauliOp(['IXZY', 'IZIY', 'YYZY', 'YXXZ', 'XXII'],
              coeffs=[3.+0.j, 4.+0.j, 6.+0.j, 5.+0.j, 9.+0.j])",(27+0j),0.3661683663843074,-8.999999932928484,1.7603252189246632e-08
"SparsePauliOp(['ZIYY', 'ZXIY', 'XZIY', 'XZXX', 'ZIZZ'],
              coeffs=[9.+0.j, 3.+0.j, 4.+0.j, 1.+0.j, 3.+0.j])",(20+0j),0.7023563507168071,-12.04159452393806,0.043866836549277366
"SparsePauliOp(['YXZX', 'ZIYI', 'ZYXI', 'YXYI', 'XYYX'],
              coeffs=[5.+0.j, 2.+0.j, 9.+0.j, 6.+0.j, 1.+0.j])",(23+0j),0.8545660739437972,0.0,-0.9999972718989132
"SparsePauliOp(['YYXX', 'XIYX', 'IIZX', 'YZYZ', 'YYYY'],
              coeffs=[6.+0.j, 2.+0.j, 6.+0.j, 4.+0.j, 1.+0.j])",(19+0j),0.6863879331167203,-6.9999999253985,-2.4065942593804426
"SparsePauliOp(['XIYI', 'XIZY', 'ZXIZ', 'IIIZ', 'IXXY'],
              coeffs=[ 8.+0.j,  8.+0.j,  1.+0.j, 10.+0.j,  4.+0.j])",(31+0j),0.5913208045393757,-10.999999532687857,9.008399750598528e-07
"SparsePauliOp(['IXIY', 'XYZX', 'ZZYI', 'IZXZ', 'XIIX'],
              coeffs=[ 2.+0.j,  5.+0.j, 10.+0.j,  4.+0.j,  8.+0.j])",(29+0j),0.8202954558143601,-8.944271865463797,0.0002861583110593813
"SparsePauliOp(['IYIY', 'YYXI', 'YIXY', 'ZXXI', 'YYZZ'],
              coeffs=[10.+0.j,  1.+0.j,  5.+0.j,  1.+0.j,  7.+0.j])",(24+0j),0.8281107799046817,-4.999999947797779,-6.712543312925742
"SparsePauliOp(['XYZI', 'YYXZ', 'ZIZY', 'XXII', 'XXIZ'],
              coeffs=[ 6.+0.j, 10.+0.j,  5.+0.j,  8.+0.j,  8.+0.j])",(37+0j),0.7872241635809065,-15.999999909529532,-1.999997115657898
"SparsePauliOp(['ZIZI', 'YZYZ', 'IXZI', 'IZXX', 'IIXX'],
              coeffs=[3.+0.j, 5.+0.j, 9.+0.j, 7.+0.j, 3.+0.j])",(27+0j),0.5963638751745283,-11.99999997799116,-5.035926843088495
"SparsePauliOp(['IZII', 'IIYI', 'YYYX', 'XYYI', 'ZXXZ'],
              coeffs=[ 3.+0.j,  3.+0.j,  4.+0.j, 10.+0.j,  7.+0.j])",(27+0j),0.8407542946534344,3.000000000000001,-10.615771734519207
"SparsePauliOp(['YYZI', 'YYIY', 'IXXY', 'YZZZ', 'XYZZ'],
              coeffs=[1.+0.j, 8.+0.j, 8.+0.j, 6.+0.j, 5.+0.j])",(28+0j),0.6056301661125332,0.0,-0.999999976386062
"SparsePauliOp(['XZZX', 'XYZI', 'YXZI', 'XYIZ', 'IZYZ'],
              coeffs=[ 4.+0.j,  2.+0.j, 10.+0.j,  8.+0.j,  9.+0.j])",(33+0j),0.8999803858616613,0.0,-3.9999316577755755
"SparsePauliOp(['YIIY', 'YIYZ', 'YXXX', 'ZZXY', 'XIII'],
              coeffs=[7.+0.j, 6.+0.j, 2.+0.j, 7.+0.j, 2.+0.j])",(24+0j),0.8358098712449745,-1.9999999855691815,-7.433953946938739
"SparsePauliOp(['ZIYX', 'YIIY', 'YZZZ', 'YIXX', 'ZIXX'],
              coeffs=[8.+0.j, 1.+0.j, 2.+0.j, 5.+0.j, 9.+0.j])",(25+0j),0.6967008626474294,-9.999999879964006,1.9838407162353633e-05
"SparsePauliOp(['IIYZ', 'XIXI', 'YXYZ', 'ZXZX', 'YYII'],
              coeffs=[4.+0.j, 8.+0.j, 9.+0.j, 1.+0.j, 1.+0.j])",(23+0j),0.22443824292556835,-7.999999905682612,-9.055384872960287
"SparsePauliOp(['ZZXY', 'ZXII', 'IIYI', 'ZIYX', 'IIIZ'],
              coeffs=[4.+0.j, 9.+0.j, 6.+0.j, 3.+0.j, 6.+0.j])",(28+0j),0.15017603013760597,-14.999999922778246,8.581019698361558e-05
"SparsePauliOp(['YZXY', 'XIZI', 'YIIX', 'XYXY', 'XYYI'],
              coeffs=[10.+0.j,  3.+0.j,  6.+0.j,  8.+0.j,  4.+0.j])",(31+0j),0.7989918300081392,-17.99999995391014,-0.9587390872026695
"SparsePauliOp(['XZXI', 'ZIXY', 'YIXY', 'ZZYY', 'XZIZ'],
              coeffs=[8.+0.j, 2.+0.j, 5.+0.j, 4.+0.j, 5.+0.j])",(24+0j),0.6997836040996402,-12.99999994560569,-5.433960402059395
"SparsePauliOp(['IYXX', 'ZYYX', 'ZXYZ', 'YZII', 'ZZYY'],
              coeffs=[8.+0.j, 6.+0.j, 9.+0.j, 7.+0.j, 3.+0.j])",(33+0j),0.725413475873994,3.642919299551295e-17,-8.999999345578507
"SparsePauliOp(['ZZZZ', 'IXZX', 'ZIZI', 'ZXXY', 'ZXYY'],
              coeffs=[7.+0.j, 4.+0.j, 9.+0.j, 7.+0.j, 9.+0.j])",(36+0j),0.7441461726384365,-15.999999983665393,-6.357557648084654
"SparsePauliOp(['IXYY', 'YXZY', 'IIZY', 'XYYX', 'YIYI'],
              coeffs=[8.+0.j, 9.+0.j, 8.+0.j, 4.+0.j, 7.+0.j])",(36+0j),0.8104591253771011,-11.999999909555257,-4.035259906320039
"SparsePauliOp(['ZIZZ', 'YIXI', 'ZZZZ', 'IYXI', 'YXIZ'],
              coeffs=[10.+0.j,  4.+0.j,  3.+0.j, 10.+0.j,  1.+0.j])",(28+0j),0.6891951394844905,-12.999999975689853,1.1662350036800717e-06
"SparsePauliOp(['XXYX', 'YIZX', 'YIIY', 'ZZII', 'ZXZX'],
              coeffs=[6.+0.j, 2.+0.j, 6.+0.j, 7.+0.j, 4.+0.j])",(25+0j),0.795630209336656,-12.206555577225611,0.6082731158161643
"SparsePauliOp(['YXZX', 'YYYZ', 'YZZX', 'ZXZI', 'YIXY'],
              coeffs=[1.+0.j, 5.+0.j, 5.+0.j, 7.+0.j, 6.+0.j])",(24+0j),0.9017303053867749,0.0,-12.999825810907677
"SparsePauliOp(['XYII', 'IIZZ', 'YZYX', 'YYIX', 'XXII'],
              coeffs=[ 3.+0.j,  1.+0.j,  5.+0.j, 10.+0.j,  3.+0.j])",(22+0j),0.7955616679054061,-10.049875541501107,-1.2365293365577372
"SparsePauliOp(['ZYIX', 'ZIZI', 'ZZZI', 'XYXI', 'ZYXZ'],
              coeffs=[3.+0.j, 2.+0.j, 6.+0.j, 4.+0.j, 7.+0.j])",(22+0j),0.7057891352665892,-7.99999993942601,1.3420365974070592e-06
"SparsePauliOp(['IIXX', 'IIIZ', 'YIYY', 'IZIX', 'ZZIZ'],
              coeffs=[ 2.+0.j,  7.+0.j, 10.+0.j,  8.+0.j,  8.+0.j])",(35+0j),0.7552403637938502,-14.999999998056659,-3.0249768091160476
"SparsePauliOp(['ZYXZ', 'YIIX', 'ZXII', 'ZXZZ', 'XIYZ'],
              coeffs=[ 5.+0.j,  1.+0.j,  1.+0.j,  2.+0.j, 10.+0.j])",(19+0j),0.7818097388789372,-2.999999988222425,6.219341917024224e-07
"SparsePauliOp(['IXYX', 'XYIX', 'ZIXZ', 'YIZX', 'YZZY'],
              coeffs=[5.+0.j, 7.+0.j, 6.+0.j, 3.+0.j, 8.+0.j])",(29+0j),0.524088500240885,-5.999999956359951,-3.9999998947224293
"SparsePauliOp(['ZYIX', 'XXIX', 'XIXZ', 'IIYI', 'YXIZ'],
              coeffs=[5.+0.j, 2.+0.j, 8.+0.j, 7.+0.j, 6.+0.j])",(28+0j),0.5055559143621577,-8.246210778413754,4.9112296306219605e-05
"SparsePauliOp(['YZIZ', 'XXXI', 'ZXIZ', 'XZXI', 'XZZI'],
              coeffs=[8.+0.j, 9.+0.j, 4.+0.j, 9.+0.j, 1.+0.j])",(31+0j),0.7915638165182426,-9.055385035237231,-4.017101512825203
"SparsePauliOp(['ZIIX', 'XXZZ', 'IXIX', 'XXXZ', 'YYYX'],
              coeffs=[5.+0.j, 4.+0.j, 4.+0.j, 4.+0.j, 4.+0.j])",(21+0j),-0.01558031098766123,-10.656854218958557,-1.2713488019995687
"SparsePauliOp(['IIIX', 'XZXZ', 'ZXIZ', 'XXYZ', 'IIII'],
              coeffs=[4.+0.j, 6.+0.j, 8.+0.j, 1.+0.j, 4.+0.j])",(23+0j),0.404876652556792,-3.9999993795826385,-1.5161782354176165
"SparsePauliOp(['XZZX', 'YXZY', 'IXII', 'YIXX', 'YXII'],
              coeffs=[7.+0.j, 8.+0.j, 4.+0.j, 8.+0.j, 5.+0.j])",(32+0j),0.7052536806005785,-8.062257716146188,-5.830184090993207
"SparsePauliOp(['IZYI', 'IYYY', 'IIYX', 'XZXX', 'IIXY'],
              coeffs=[7.+0.j, 7.+0.j, 9.+0.j, 7.+0.j, 4.+0.j])",(34+0j),0.2557759439808312,-6.999999961416364,-2.3023991602144633e-09
"SparsePauliOp(['IXXI', 'YXXI', 'IXIZ', 'YYYI', 'YIXY'],
              coeffs=[ 2.+0.j, 10.+0.j,  6.+0.j,  2.+0.j,  4.+0.j])",(24+0j),0.17784227751474482,-7.999940524140449,-1.2108775549282136
"SparsePauliOp(['YYXX', 'XIIY', 'ZIYI', 'ZZIY', 'ZZYI'],
              coeffs=[ 1.+0.j,  3.+0.j, 10.+0.j,  3.+0.j,  3.+0.j])",(20+0j),0.19162665274074211,-0.9999999939351595,1.8127287781943835e-08
"SparsePauliOp(['ZIZX', 'IIXI', 'XZYI', 'XYXY', 'IZIX'],
              coeffs=[ 5.+0.j,  7.+0.j, 10.+0.j,  4.+0.j,  4.+0.j])",(30+0j),0.7997882620980848,-14.999999959646324,4.8710444582766854e-05
"SparsePauliOp(['ZZIY', 'YYXY', 'YYZX', 'XIXX', 'ZXXX'],
              coeffs=[7.+0.j, 7.+0.j, 6.+0.j, 3.+0.j, 6.+0.j])",(29+0j),0.7965443862836256,-8.999999986727964,-1.8166510909233473
"SparsePauliOp(['XZXX', 'IYZI', 'XYIX', 'XXII', 'IZYI'],
              coeffs=[6.+0.j, 2.+0.j, 5.+0.j, 6.+0.j, 3.+0.j])",(22+0j),0.7719393167777349,-8.485281223211306,0.00020924489196794127
"SparsePauliOp(['XIYI', 'IXYY', 'YXYX', 'ZYXX', 'IYYZ'],
              coeffs=[6.+0.j, 5.+0.j, 2.+0.j, 6.+0.j, 9.+0.j])",(28+0j),0.8183080789877116,-5.385164746684893,-8.999603744562592
"SparsePauliOp(['YXZX', 'YIYZ', 'XXXI', 'IYIZ', 'IYZZ'],
              coeffs=[10.+0.j,  2.+0.j,  1.+0.j,  2.+0.j,  7.+0.j])",(22+0j),0.43093756595411103,-1.1102230246251565e-16,-2.9999999842484835
"SparsePauliOp(['IXYY', 'XZIZ', 'IIXX', 'IIYZ', 'YZYI'],
              coeffs=[ 9.+0.j,  4.+0.j, 10.+0.j,  9.+0.j,  4.+0.j])",(36+0j),0.8403383495978262,-3.999999991087277,-15.959407417780275
"SparsePauliOp(['IZXY', 'IXZI', 'YZZY', 'YXIX', 'XYIY'],
              coeffs=[2.+0.j, 1.+0.j, 2.+0.j, 8.+0.j, 3.+0.j])",(16+0j),0.7140014226792714,-0.999999998515798,-4.099019486770101
"SparsePauliOp(['IIXY', 'IXYY', 'IZXZ', 'XIZX', 'XZYZ'],
              coeffs=[2.+0.j, 9.+0.j, 5.+0.j, 4.+0.j, 5.+0.j])",(25+0j),0.47140349324862396,-10.295630127810766,-3.999999242136486
"SparsePauliOp(['XYXX', 'YYYX', 'YYIY', 'IYZZ', 'IIZZ'],
              coeffs=[7.+0.j, 7.+0.j, 7.+0.j, 5.+0.j, 8.+0.j])",(34+0j),0.8128920735201489,-7.999999818685242,2.7332619110254086e-06
